Product Name,Release Date,First appearance,Continuity,MSRP,Grade
Gundam TR-1 [Hazel Custom] (HG),2005-09-05,Advance of Zeta: The Flag of Titans,UC,1430,HG
Gundam TR-1 [Advanced Hazel] (HG),2005-11,Advance of Zeta: The Flag of Titans,UC,1760,HG
Gundam TR-1 [Hazel II] (HG),2006-09,Advance of Zeta: The Flag of Titans,UC,1650,HG
Gaplant TR-5 [Hrairoo] (HG),2006-12,Advance of Zeta: The Flag of Titans,UC,2640,HG
Gundam X (HG),2010-04-09,After War Gundam X,AW,1980,HG
Gundam X Divider (HG),2010-12-12,After War Gundam X,AW,1980,HG
Gundam Double X (HG),2013-10-11,After War Gundam X,AW,1870,HG
Gundam Airmaster (HG),2014-07-24,After War Gundam X,AW,1870,HG
Gundam X (MG),2014-01-11,After War Gundam X,AW,4180,MG
Gundam Double X (MG),2015-03-28,After War Gundam X,AW,4950,MG
Gundam X (SD),2000-02,After War Gundam X,AW,440,SD
Gundam Double X (SD),2000-06,After War Gundam X,AW,440,SD
Gundam Leopard (SD),2000-06,After War Gundam X,AW,440,SD
Gundam Airmaster (SD),2000-06,After War Gundam X,AW,440,SD
Nu Gundam HWS (HG),2009-04-25,Char’s Counterattack Mobile Suit Variations,UC,3080,HG
Shin Musha Gundam (MG),2008-06-21,Dynasty Warriors Gundam,AD,5500,MG
Musha Gundam Mk-II (MG),2010-05-27,Dynasty Warriors Gundam,AD,6600,MG
Gundam Helios (HG),2021-11-06,Gundam Breaker Battlelogue,GBB,2530,HG
Gundam Livelance Heaven (HG),2021-11-06,Gundam Breaker Battlelogue,GBB,2200,HG
Gundam Perfect Strike Freedom (HG),2021-01-11,Gundam Breaker Battlelogue,GBB,2530,HG
Blazing Gundam (HG),2021-01-11,Gundam Breaker Battlelogue,GBB,2200,HG
Gundam 00 Command Qan[T] (HG),2021-01-15,Gundam Breaker Battlelogue,GBB,2200,HG
Gundam Barbataurus (HG),2021-01-15,Gundam Breaker Battlelogue,GBB,2420,HG
Gundam Ground Urban Command Type (HG),2022-02,Gundam Breaker Battlelogue,GBB,1980,HG
Gouf Crimson Custom (HG),2022-02,Gundam Breaker Battlelogue,GBB,1980,HG
Wing Gundam Sky Zero (HG),2022-02,Gundam Breaker Battlelogue,GBB,1870,HG
Gundam Astray Red Frame Inversion (HG),2022-02,Gundam Breaker Battlelogue,GBB,1980,HG
Gundam 00 Diver (HG),2018-04-07,Gundam Build Divers,BD,1100,HG
Gundam Age II Magnum (HG),2018-03-10,Gundam Build Divers,BD,1980,HG
GM III Beam Master (HG),2018-04-14,Gundam Build Divers,BD,1980,HG
Grimoire Red Beret (HG),2018-04-28,Gundam Build Divers,BD,1980,HG
Momokapool (HG),2018-05-19,Gundam Build Divers,BD,1980,HG
Ogre GN-X (HG),2018-05-19,Gundam Build Divers,BD,2200,HG
Seravee Gundam Scheherezade (HG),2018-05-19,Gundam Build Divers,BD,2420,HG
Geara Ghirarga (HG),2018-06-23,Gundam Build Divers,BD,1980,HG
Leo NPD (HG),2018-06-23,Gundam Build Divers,BD,1320,HG
Gundam 00 Diver Ace (HG),2018-07-21,Gundam Build Divers,BD,2200,HG
Galbaldy Rebake (HG),2018-07-14,Gundam Build Divers,BD,2420,HG
Gundam Jiyan Altron (HG),2018-07-28,Gundam Build Divers,BD,1980,HG
Gundam Astray No-Name (HG),2018-08-04,Gundam Build Divers,BD,1980,HG
RX-Zeromaru (SD),2018-08-25,Gundam Build Divers,BD,1980,SD
Gundam 00 Sky (HG),2018-08-31,Gundam Build Divers,BD,1650,HG
Jegan Blast Master (HG),2018-09-08,Gundam Build Divers,BD,2200,HG
Diver Nami (HG),2018-09,Gundam Build Divers,BD,2400,HG
Impulse Gundam Arc (HG),2018-09-29,Gundam Build Divers,BD,2090,HG
Impulse Gundam Lancier (HG),2018-09-29,Gundam Build Divers,BD,2090,HG
Gundam Love Phantom (HG),2018-10-13,Gundam Build Divers,BD,2420,HG
GBN-Guard Frame (HG),2018-11-17,Gundam Build Divers,BD,1760,HG
Gundam 00 Sky HWS (Trans-Am Infinity) (HG),2018-11-17,Gundam Build Divers,BD,2530,HG
Gundam Shining Break (HG),2018-12-15,Gundam Build Divers,BD,1980,HG
Mobile Doll Sarah (HG),2018-12-15,Gundam Build Divers,BD,2640,HG
Gundam Age II Magnum SV version (HG),2018-12-22,Gundam Build Divers,BD,2420,HG
GBN-Base Gundam (HG),2019-01-19,Gundam Build Divers,BD,1760,HG
RX-Zeromaru Shinkikessho (SD),2019-01-26,Gundam Build Divers,BD,1980,SD
Gundam Zerachiel (HG),2019-02-09,Gundam Build Divers,BD,2750,HG
Gundam 00 Diver Ace (SD),2018-10-13,Gundam Build Divers,BD,1100,SD
Gundam AGEII Magnum (MG),2019-03-27,Gundam Build Divers Prologue,BD,6050,MG
Earthree Gundam (HG),2019-10-12,Gundam Build Divers: ReRise,BD,1540,HG
Veetwo Weapons (HG),2019-10-12,Gundam Build Divers: ReRise,BD,660,HG
Marsfour Weapons (HG),2019-10-12,Gundam Build Divers: ReRise,BD,660,HG
Gundam Justice Knight (HG),2019-10-19,Gundam Build Divers: ReRise,BD,2200,HG
Nu Zeon Gundam (HG),2019-11-16,Gundam Build Divers: ReRise,BD,3410,HG
Core Gundam (G3 color) & Veetwo Unit (HG),2019-11-09,Gundam Build Divers: ReRise,BD,1540,HG
Valkylander (SD),2019-11-16,Gundam Build Divers: ReRise,BD,1430,SD
Core Gundam (Real type color) & Marsfour Unit (HG),2019-11-16,Gundam Build Divers: ReRise,BD,1540,HG
Gundam Seltsam (HG),2019-12-07,Gundam Build Divers: ReRise,BD,2420,HG
Injustice Weapons (HG),2019-12-07,Gundam Build Divers: ReRise,BD,770,HG
Eldora Brute (HG),2019-12-21,Gundam Build Divers: ReRise,BD,2200,HG
Mass-Produced Zeonic Sword (HG),2019-12-21,Gundam Build Divers: ReRise,BD,990,HG
Jupitive Gundam (HG),2020-01-11,Gundam Build Divers: ReRise,BD,2200,HG
Mobile Doll May (HG),2020-01-25,Gundam Build Divers: ReRise,BD,2400,HG
Seltsam Arms (HG),2020-01-25,Gundam Build Divers: ReRise,BD,770,HG
Gundam Tertium (HG),2020-02-08,Gundam Build Divers: ReRise,BD,2090,HG
Mercuone Unit (HG),2020-02-08,Gundam Build Divers: ReRise,BD,935,HG
Avalanche Rex Buster (SD),2020-02-29,Gundam Build Divers: ReRise,BD,750,SD
Mercuone Weapons (HG),2020-03-14,Gundam Build Divers: ReRise,BD,660,HG
Gundam G-Else (HG),2020-03-21,Gundam Build Divers: ReRise,BD,2090,HG
Gundam GP-Rase Two-Ten (HG),2020-04-11,Gundam Build Divers: ReRise,BD,3080,HG
Alus Earthree Gundam (HG),2020-04-25,Gundam Build Divers: ReRise,BD,1650,HG
Uraven Gundam (HG),2020-05-13,Gundam Build Divers: ReRise,BD,1760,HG
Saturnix Unit (HG),2020-05-30,Gundam Build Divers: ReRise,BD,935,HG
Saturnix Weapons (HG),2020-05-30,Gundam Build Divers: ReRise,BD,660,HG
EX Valkylander (SD),2020-06-13,Gundam Build Divers: ReRise,BD,1430,SD
Gundam Try Age Magnum (HG),2020-07-23,Gundam Build Divers: ReRise,BD,2200,HG
Wodom Pod (HG),2020-06-27,Gundam Build Divers: ReRise,BD,2530,HG
Fake Nu Unit (HG),2020-06-27,Gundam Build Divers: ReRise,BD,935,HG
Fake Nu Weapons (HG),2020-06-27,Gundam Build Divers: ReRise,BD,770,HG
Nepteight Unit (HG),2020-07-18,Gundam Build Divers: ReRise,BD,990,HG
Nepteight Weapons (HG),2020-07-18,Gundam Build Divers: ReRise,BD,770,HG
Gundam Aegis Knight (HG),2020-08-22,Gundam Build Divers: ReRise,BD,2530,HG
Gundam Anima[Rize] (HG),2020-08-29,Gundam Build Divers: ReRise,BD,2200,HG
Aun[Rize] Armor (HG),2020-08-29,Gundam Build Divers: ReRise,BD,935,HG
Tertium Arms (HG),2020-09-26,Gundam Build Divers: ReRise,BD,825,HG
Re:Rising Gundam (HG),2020-09-26,Gundam Build Divers: ReRise,BD,8250,HG
Load Astray Double Rebake (HG),2020-11-21,Gundam Build Divers: ReRise,BD,2200,HG
Gundam 00 Sky Moebius (HG),2020-12-05,Gundam Build Divers: ReRise,BD,2640,HG
Double Rebake Rifle (HG),2020-12-19,Gundam Build Divers: ReRise,BD,770,HG
Try Slash Blade (HG),2020-12-19,Gundam Build Divers: ReRise,BD,880,HG
Core Gundam II (G3 Color) (HG),2020-12-26,Gundam Build Divers: ReRise,BD,1210,HG
Core Gundam II (Titans color) (HG),2020-12-26,Gundam Build Divers: ReRise,BD,1210,HG
Earthree Gundam (SD),2020-02-29,Gundam Build Divers: ReRise,BD,1320,SD
Build Strike Gundam Full Package (HG),2013-10-05,Gundam Build Fighters,BD,1540,HG
Zaku Amazing (HG),2013-10-05,Gundam Build Fighters,BD,1980,HG
Gundam X Maoh (HG),2013-11-09,Gundam Build Fighters,BD,1980,HG
Build Gundam Mk-II (HG),2013-11-16,Gundam Build Fighters,BD,1980,HG
Beargguy III (San) (HG),2013-12-01,Gundam Build Fighters,BD,1980,HG
Wing Gundam Fenice (HG),2013-12-07,Gundam Build Fighters,BD,1760,HG
Sengoku Astray Gundam (HG),2013-12-14,Gundam Build Fighters,BD,1980,HG
Kampfer Amazing (HG),2014-01-11,Gundam Build Fighters,BD,1980,HG
Star Build Strike Gundam Plavsky Wing (HG),2014-01-18,Gundam Build Fighters,BD,1650,HG
GM Sniper K9 (HG),2014-02-22,Gundam Build Fighters,BD,1980,HG
Qubeley Papillon (HG),2014-02-15,Gundam Build Fighters,BD,2200,HG
Miss Sazabi (HG),2014-03-08,Gundam Build Fighters,BD,3300,HG
Gundam Exia Dark Matter (HG),2014-03-22,Gundam Build Fighters,BD,1980,HG
Cross Bone Gundam Maoh (HG),2014-04-12,Gundam Build Fighters,BD,1980,HG
Gouf R35 (HG),2014-06-07,Gundam Build Fighters,BD,1650,HG
Gundam Amazing Exia (HG),2014-08-09,Gundam Build Fighters,BD,1980,HG
Gundam Fenice Rinascita (HG),2014-09-20,Gundam Build Fighters,BD,1980,HG
Build Strike Gundam Full Package (MG),2014-01-25,Gundam Build Fighters,BD,4620,MG
??? Sengoku Astray Gundam (MG),2014-02-22,Gundam Build Fighters,BD,5500,MG
Build Gundam Mk-II (MG),2014-03-08,Gundam Build Fighters,BD,5500,MG
Universe Booster (MG),2014-03-15,Gundam Build Fighters,BD,3080,MG
Gundam Exia Dark Matter (MG),2015-02-21,Gundam Build Fighters,BD,5500,MG
Gundam Fenice Rinascita (MG),2015-06-27,Gundam Build Fighters,BD,5280,MG
Build Strike Gundam Full Package (RG),2016-12-10,Gundam Build Fighters,BD,2750,RG
Build Strike Gundam Full Package (SD),2014-03-08,Gundam Build Fighters,BD,660,SD
Sengoku Astray Gundam (SD),2014-04-12,Gundam Build Fighters,BD,660,SD
Build Burning Gundam (HG),2014-10-11,Gundam Build Fighters Try,BD,1540,HG
Powered GM Cardigan (HG),2014-10-11,Gundam Build Fighters Try,BD,1980,HG
Lightning Gundam (HG),2014-11-09,Gundam Build Fighters Try,BD,1760,HG
Gundam Ez-SR (HG),2014-11-15,Gundam Build Fighters Try,BD,1980,HG
Beargguy F (Family) (HG),2014-11-29,Gundam Build Fighters Try,BD,1980,HG
Winning Gundam (SD),2014-12-06,Gundam Build Fighters Try,BD,1100,SD
R-Gyagya (HG),2014-12-13,Gundam Build Fighters Try,BD,1980,HG
Mega-Shiki (HG),2014-12-20,Gundam Build Fighters Try,BD,1980,HG
Gundam Amazing Red Warrior (HG),2015-01-10,Gundam Build Fighters Try,BD,1980,HG
Hi-Mock (HG),2015-01-24,Gundam Build Fighters Try,BD,880,HG
Try Burning Gundam (HG),2015-02-07,Gundam Build Fighters Try,BD,1980,HG
Hi-Nu Gundam Vrabe (HG),2015-02-21,Gundam Build Fighters Try,BD,2640,HG
Star Winning Gundam (SD),2015-02-28,Gundam Build Fighters Try,BD,1320,SD
Gundam Portent (HG),2015-03-07,Gundam Build Fighters Try,BD,1980,HG
SxDxG Gundam (SD),2015-03-14,Gundam Build Fighters Try,BD,1100,SD
Wing Gundam Zero Honoo (HG),2015-03-21,Gundam Build Fighters Try,BD,1980,HG
Transient Gundam (HG),2015-04-11,Gundam Build Fighters Try,BD,1980,HG
Crossbone Gundam X1 Full Cloth Type GBFT (HG),2015-04-24,Gundam Build Fighters Try,BD,2420,HG
Gundam The End (HG),2015-05-15,Gundam Build Fighters Try,BD,2420,HG
Denial Gundam (HG),2015-05-23,Gundam Build Fighters Try,BD,1980,HG
Gundam Tryon 3 (HG),2015-06-06,Gundam Build Fighters Try,BD,3080,HG
Dom R35 (HG),2015-07-11,Gundam Build Fighters Try,BD,1980,HG
Lightning Z Gundam (HG),2015-07-18,Gundam Build Fighters Try,BD,2420,HG
“Kurenai Musha” Red Warrior Amazing (SD),2015-08-08,Gundam Build Fighters Try,BD,1100,SD
Gundam Leopard Da Vinci (HG),2015-08-08,Gundam Build Fighters Try,BD,1980,HG
Kamiki Burning Gundam (HG),2015-09-12,Gundam Build Fighters Try,BD,1980,HG
Super Fumina (HG),2015-11-07,Gundam Build Fighters Try,BD,1980,HG
ZZ II (HG),2016-08-06,Gundam Build Fighters Try,BD,2860,HG
Gyancelot (HG),2016-08-06,Gundam Build Fighters Try,BD,1980,HG
Scramble Gundam (HG),2016-09-10,Gundam Build Fighters Try,BD,2420,HG
Beargguy P (Pretty) (HG),2016-09-10,Gundam Build Fighters Try,BD,1980,HG
Gundam 00 Shia Qan[T] (HG),2016-09-17,Gundam Build Fighters Try,BD,1760,HG
Transient Gundam Glacier (HG),2016-11-26,Gundam Build Fighters Try,BD,2200,HG
Lunagazer Gundam (HG),2017-01-14,Gundam Build Fighters Try,BD,2200,HG
Papagguy (HG),2017-02-11,Gundam Build Fighters Try,BD,1980,HG
Amazing Strike Freedom Gundam (HG),2017-03-11,Gundam Build Fighters Try,BD,2530,HG
Super Fumina Axis Angel version (HG),2017-03-25,Gundam Build Fighters Try,BD,2420,HG
Gundam Schwarzritter (HG),2017-05-20,Gundam Build Fighters Try,BD,2200,HG
Chinagguy (HG),2017-07-29,Gundam Build Fighters Try,BD,2420,HG
Ninpulse Gundam (HG),2017-08-11,Gundam Build Fighters Try,BD,2200,HG
Star Burning Gundam (HG),2017-08-26,Gundam Build Fighters Try,BD,1760,HG
GM/GM (HG),2017-08-26,Gundam Build Fighters Try,BD,1760,HG
Hyper Gyanko (HG),2017-08-26,Gundam Build Fighters Try,BD,2640,HG
Gundam Lightning Black Warrior (HG),2017-09-30,Gundam Build Fighters Try,BD,1980,HG
Winning Fumina (HG),2017-09-30,Gundam Build Fighters Try,BD,2640,HG
Reversible Gundam (HG),2017-10-14,Gundam Build Fighters Try,BD,1980,HG
Cherudim Gundam Saga Type GBF (HG),2017-11-11,Gundam Build Fighters Try,BD,1980,HG
Striker GN-X (HG),2018-01-20,Gundam Build Fighters Try,BD,2200,HG
Build Strike Galaxy Cosmos (HG),2018-02-24,Gundam Build Fighters Try,BD,2750,HG
Mrs. Loheng-Rinko (HG),2018-03-10,Gundam Build Fighters Try,BD,2750,HG
Gundam Amazing Red Warrior (MG),2015-08-27,Gundam Build Fighters Try,BD,5280,MG
Build Burning Gundam (SD),2014-12-06,Gundam Build Fighters Try,BD,660,SD
Lightning Gundam (SD),2015-04-11,Gundam Build Fighters Try,BD,660,SD
Try Burning Gundam (SD),2017-03-18,Gundam Build Fighters Try,BD,660,SD
Lah Gundam (EG),2023-10-07,Gundam Build Metaverse,BD,1100,EG
Build Strike Exceed Galaxy (EG),2023-10-07,Gundam Build Metaverse,BD,1210,EG
F-Kunoichi Kai (SD),2023-11-11,Gundam Build Metaverse,BD,1980,SD
Shin Burning Gundam (HG),2023-11-11,Gundam Build Metaverse,BD,2640,HG
Gundam 00 Diver Arc (HG),2023-12-02,Gundam Build Metaverse,BD,2750,HG
Plutine Gundam (HG),2023-12-02,Gundam Build Metaverse,BD,2530,HG
Typhoeus Gundam Chimera (HG),2023-12-16,Gundam Build Metaverse,BD,8800,HG
Gundam Perfect Strike Freedom Rouge (HG),2024-01-13,Gundam Build Metaverse,BD,2530,HG
Beargguy Ohana & Aloharo Set (HG),2024-02-10,Gundam Build Metaverse,BD,3190,HG
Gundam Amazing Barbatos Lupus (HG),2024-07,Gundam Build Metaverse,BD,2750,HG
Gundam 00 Command Qan[T] Desert Type (HG),2024-07,Gundam Build Metaverse,BD,2200,HG
Vigna Ghina II,2019-05-31,Gundam F91 Mobile Suit Variations,UC,4070,RE
Delta Gundam (HG),2012-03-08,Gundam MS Graphica,UC,4620,HG
Gundam G-Self (Atmospheric Pack) (HG),2014-09-20,Gundam Reconguista in G,RC,1760,HG
Grimoire (HG),2014-10-25,Gundam Reconguista in G,RC,1540,HG
Montero (HG),2014-11-08,Gundam Reconguista in G,RC,1760,HG
Gundam G-Arcane (HG),2014-11-22,Gundam Reconguista in G,RC,1760,HG
Space Backpack for Gundam G-Self (HG),2014-12-13,Gundam Reconguista in G,RC,1320,HG
Space Jahannam (HG),2014-12-20,Gundam Reconguista in G,RC,1540,HG
Space Jahannam Klim Nick Use (HG),2015-01-17,Gundam Reconguista in G,RC,1540,HG
Elf Bullock (HG),2015-02-07,Gundam Reconguista in G,RC,1980,HG
Gaeon (HG),2015-02-14,Gundam Reconguista in G,RC,1980,HG
Mack Knife (HG),2015-03-07,Gundam Reconguista in G,RC,1540,HG
Gundam G-Lucifer (HG),2015-03-14,Gundam Reconguista in G,RC,2200,HG
Gundam G-Self Assault Pack (HG),2014-04-18,Gundam Reconguista in G,RC,4180,HG
Catsith (HG),2015-04-29,Gundam Reconguista in G,RC,1980,HG
Dahack (HG),2015-05-15,Gundam Reconguista in G,RC,1980,HG
Gastima (HG),2015-06-13,Gundam Reconguista in G,RC,1870,HG
Kabakali (HG),2015-07-18,Gundam Reconguista in G,RC,2200,HG
Gundam G-Self Perfect Pack (HG),2015-08-22,Gundam Reconguista in G,RC,2750,HG
S Gundam (HG),2001-08,Gundam Sentinel,UC,1980,HG
Xeku Eins (HG),2001-10,Gundam Sentinel,UC,1760,HG
Ex-S Gundam (HG),2002-04,Gundam Sentinel,UC,2750,HG
FAZZ (MG),2001-09,Gundam Sentinel,UC,6600,MG
Zeta Plus (MG),2001-10,Gundam Sentinel,UC,3300,MG
Zeta Plus C1 (MG),2002-02,Gundam Sentinel,UC,3300,MG
S Gundam (MG),2002-10,Gundam Sentinel,UC,6600,MG
Ex-S Gundam (MG),2003-03,Gundam Sentinel,UC,8800,MG
S Gundam Booster Unit Type Plan 303E “Deep Striker” (MG),2018-03-17,Gundam Sentinel,UC,22000,MG
Ex-S Gundam/S Gundam (MG),2019-04-20,Gundam Sentinel,UC,13200,MG
FAZZ (Ver. Ka) (MG),2020-02-15,Gundam Sentinel,UC,12100,MG
Zeta Plus (SD),1989-02-20,Gundam Sentinel,UC,330,SD
S Gundam (SD),1989-03-10,Gundam Sentinel,UC,330,SD
Zeta Plus A1 (SD),1989,Gundam Sentinel,UC,440,SD
S Gundam (SD),1989,Gundam Sentinel,UC,440,SD
Gundam Dantalion (HG),2017-06-24,Gundam Try Age,AD,1760,HG
Beginning Gundam (HG),2010-09-29,Gunpla Builders Beginning G,BD,1760,HG
Hi-Nu Gundam (Gundam Base color) (HG),2010-09-29,Gunpla Builders Beginning G,BD,2420,HG
Super Custom Zaku F2000 (HG),2010-11-13,Gunpla Builders Beginning G,BD,2420,HG
Beargguy (HG),2010-12-05,Gunpla Builders Beginning G,BD,1944,HG
Forever Gundam (HG),2011-01-09,Gunpla Builders Beginning G,BD,2200,HG
Beginning 30 Gundam (HG),2011-01-29,Gunpla Builders Beginning G,BD,2420,HG
Beginning J Gundam (HG),2011-12-24,Gunpla Builders Beginning G,BD,1760,HG
Beginning D Gundam (HG),2011-12-24,Gunpla Builders Beginning G,BD,1760,HG
Zaku I Sniper Type (HG),2006-11-30,Harmony of Gundam,UC,1540,HG
GM Striker (HG),2006-12,Harmony of Gundam,UC,1320,HG
Gundam Physalis (Type-MLRS) (HG),2007-02,Harmony of Gundam,UC,2420,HG
Full Armor Gundam 7th (HG),2009-08-04,Missing Mobile Suit Variations,UC,1650,HG
Gundam G04 (MG),2003-07,Missing Mobile Suit Variations,UC,3080,MG
Gundam G05 (MG),2003-08,Missing Mobile Suit Variations,UC,3080,MG
God Gundam (HG),2010-05-21,Mobile Fighter G Gundam,FC,1980,HG
Nobel Gundam (HG),2011-01-09,Mobile Fighter G Gundam,FC,1650,HG
Shining Gundam (HG),2011-08-27,Mobile Fighter G Gundam,FC,1650,HG
Master Gundam & Fuunsaiki (HG),2011-08-27,Mobile Fighter G Gundam,FC,2860,HG
Nobel Gundam (Berserker Mode) (HG),2011-09-10,Mobile Fighter G Gundam,FC,1650,HG
Death Army (HG),2019-11-09,Mobile Fighter G Gundam,FC,1320,HG
God Gundam (MG),2001-11,Mobile Fighter G Gundam,FC,2750,MG
Master Gundam (MG),2002-03,Mobile Fighter G Gundam,FC,3080,MG
Shining Gundam (MG),2002-05,Mobile Fighter G Gundam,FC,2750,MG
Gundam Spiegel (MG),2002-08,Mobile Fighter G Gundam,FC,2750,MG
God Gundam (RG),2022-08-13,Mobile Fighter G Gundam,FC,3850,RG
Shining Gundam (SD),1994-07-01,Mobile Fighter G Gundam,FC,550,SD
Dragon Gundam (SD),1994-08-01,Mobile Fighter G Gundam,FC,550,SD
Gundam Maxter (SD),1994-09-01,Mobile Fighter G Gundam,FC,550,SD
G Gundam (SD),1994-10-01,Mobile Fighter G Gundam,FC,550,SD
Shining Gundam (SD),2002-09,Mobile Fighter G Gundam,FC,660,SD
God Gundam (SD),2002-12,Mobile Fighter G Gundam,FC,660,SD
Devil Gundam (SD),2003-02,Mobile Fighter G Gundam,FC,880,SD
Shining Gundam (SD),1999-11,Mobile Fighter G Gundam,FC,550,SD
Dragon Gundam (SD),1999-11,Mobile Fighter G Gundam,FC,550,SD
Gundam Maxter (SD),1999-11,Mobile Fighter G Gundam,FC,550,SD
G Gundam (SD),1999-11,Mobile Fighter G Gundam,FC,550,SD
Master Gundam (SD),2001-03,Mobile Fighter G Gundam,FC,440,SD
Mass Production Gundam F91 (Harrison Martin colors) (HG),2013-12-28,Mobile Suit Crossbone Gundam,UC,1320,HG
Crossbone Gundam X-1 (HG),2014-11-15,Mobile Suit Crossbone Gundam,UC,1980,HG
Crossbone Gundam X-1 (Ver. Ka) (MG),2006-09-29,Mobile Suit Crossbone Gundam,UC,3850,MG
Gundam F91 (Harrison Maddin Custom) (MG),2006-11-19,Mobile Suit Crossbone Gundam,UC,3300,MG
Crossbone Gundam X-1 Full Cloth (MG),2007-01-27,Mobile Suit Crossbone Gundam,UC,4950,MG
Crossbone Gundam X-1 (RG),2019-05-25,Mobile Suit Crossbone Gundam,UC,2750,RG
Crossbone Gundam X1 (SD),2018-06-30,Mobile Suit Crossbone Gundam,UC,880,SD
Crossbone Gundam X-1 (SD),2001-04,Mobile Suit Crossbone Gundam,UC,440,SD
Crossbone Gundam X-2 (SD),2002-01,Mobile Suit Crossbone Gundam,UC,440,SD
Prototype Gouf (Tactical Demonstrator) (HG),2015-08-19,Mobile Suit Discovery,UC,1980,HG
Dom Test Type (HG),2016-02-29,Mobile Suit Discovery,UC,2200,HG
Gundam Local Type (HG),2016-07-09,Mobile Suit Discovery,UC,2200,HG
Guncannon Mobility Test Type/Firepower Test Type (HG),2017-01-14,Mobile Suit Discovery,UC,1980,HG
Zaku Half Cannon (HG),2017-11-11,Mobile Suit Discovery,UC,1980,HG
Act Zaku (Kycilia’s Forces) (HG),2018-01-20,Mobile Suit Discovery,UC,2200,HG
GM Guard Custom (HG),2018-07,Mobile Suit Discovery,UC,1980,HG
GM Intercept Custom (HG),2018-11-03,Mobile Suit Discovery,UC,1980,HG
GM (Shoulder Cannon/Missile Pod) (HG),2023-11-18,Mobile Suit Discovery,UC,2530,HG
Guncannon (HG),1999-05-21,Mobile Suit Gundam,UC,880,HG
Gyan (HG),1999-07-16,Mobile Suit Gundam,UC,880,HG
Z’Gok (HG),1999-11-11,Mobile Suit Gundam,UC,770,HG
Guntank (HG),2000-01-21,Mobile Suit Gundam,UC,880,HG
Gogg (HG),2000-03-24,Mobile Suit Gundam,UC,880,HG
Gouf (HG),2000-04-21,Mobile Suit Gundam,UC,880,HG
Z’Gok Commander Type (Char Aznable Custom) (HG),2001-02,Mobile Suit Gundam,UC,770,HG
GM (HG),2001-04-20,Mobile Suit Gundam,UC,770,HG
Gundam (HG),2001-03-18,Mobile Suit Gundam,UC,1100,HG
Zeong (HG),2001-06,Mobile Suit Gundam,UC,1980,HG
Zaku II Commander Type (Char Aznable Custom) (HG),2002-07-19,Mobile Suit Gundam,UC,1100,HG
Zaku II (HG),2003-09-19,Mobile Suit Gundam,UC,1100,HG
G-Armor (Gundam + G-Fighter) (HG),2004-10,Mobile Suit Gundam,UC,3080,HG
"Dom, Rick Dom (HG)",2006-01-22,Mobile Suit Gundam,UC,1870,HG
Zaku I (HG),2006-06-01,Mobile Suit Gundam,UC,1100,HG
Gelgoog (Char Aznable Custom) (HG),2006-10-15,Mobile Suit Gundam,UC,1650,HG
Acguy (HG),2007-04-29,Mobile Suit Gundam,UC,1540,HG
Zock (HG),2007-07-29,Mobile Suit Gundam,UC,2750,HG
Ball Twin set (HG),2010-09-11,Mobile Suit Gundam,UC,1430,HG
Guncannon (Revive) (HG),2015-06-20,Mobile Suit Gundam,UC,1320,HG
Gundam (Revive) (HG),2015-07-25,Mobile Suit Gundam,UC,1100,HG
Gouf (Revive) (HG),2016-04-16,Mobile Suit Gundam,UC,1650,HG
Gyan (Revive) (HG),2016-05-21,Mobile Suit Gundam,UC,1320,HG
Zaku II Commander Type (Char Aznable Custom) (HG),2020-07-31,Mobile Suit Gundam,UC,1760,HG
Zaku II (HG),2021-12-04,Mobile Suit Gundam,UC,1760,HG
Gundam (MG),1995-07-29,Mobile Suit Gundam,UC,2750,MG
Zaku II (Char Aznable) (MG),1995-10-29,Mobile Suit Gundam,UC,2750,MG
Zaku II (MG),1995-10-25,Mobile Suit Gundam,UC,2750,MG
Gelgoog Commander Type (Char Aznable) (MG),1996-12,Mobile Suit Gundam,UC,3300,MG
Gelgoog (MG),1997-09,Mobile Suit Gundam,UC,3300,MG
GM (MG),1999-02,Mobile Suit Gundam,UC,2750,MG
Zaku I (MG),1999-05,Mobile Suit Gundam,UC,2750,MG
Dom (MG),1999-06,Mobile Suit Gundam,UC,4400,MG
Rick-Dom (MG),1999-10,Mobile Suit Gundam,UC,4400,MG
Gundam (1.5) (MG),2000-06,Mobile Suit Gundam,UC,3300,MG
Gouf (MG),2000-10,Mobile Suit Gundam,UC,3080,MG
Guncannon (MG),2001-12,Mobile Suit Gundam,UC,3300,MG
Zeong (MG),2002-07,Mobile Suit Gundam,UC,6600,MG
Gundam (Ver. Ka) (MG),2002-12,Mobile Suit Gundam,UC,3520,MG
Char’s Rick Dom (MG),2003-01,Mobile Suit Gundam,UC,4950,MG
Z’Gok (Mass Production type) (MG),2003-05,Mobile Suit Gundam,UC,3300,MG
Gogg (MG),2003-06,Mobile Suit Gundam,UC,3850,MG
Char’s Z’Gok (MG),2003-11,Mobile Suit Gundam,UC,3300,MG
Ball (Ver. Ka) (MG),2004-12,Mobile Suit Gundam,UC,2200,MG
Gundam (Ver. One Year War 0079) (MG),2005-03-26,Mobile Suit Gundam,UC,3200,MG
Acguy (MG),2005-07-30,Mobile Suit Gundam,UC,4400,MG
Gyan (MG),2006-05-27,Mobile Suit Gundam,UC,3960,MG
Zaku II Ground Type (2.0) (MG),2007-04-29,Mobile Suit Gundam,UC,3850,MG
Zaku II Commander Type (Char Aznable) (2.0) (MG),2007-05,Mobile Suit Gundam,UC,3850,MG
Gelgoog Commander Type (Char Aznable) (2.0) (MG),2007-07,Mobile Suit Gundam,UC,4950,MG
Zaku II (2.0) (MG),2008-03-23,Mobile Suit Gundam,UC,3850,MG
Gelgoog Mass Production Type (2.0) (MG),2008-04,Mobile Suit Gundam,UC,4950,MG
Gundam (2.0) (MG),2008-07-26,Mobile Suit Gundam,UC,4620,MG
G-Fighter (MG),2009-01,Mobile Suit Gundam,UC,6160,MG
GM (2.0) (MG),2009-02,Mobile Suit Gundam,UC,3850,MG
Gouf (2.0) (MG),2009-05,Mobile Suit Gundam,UC,4180,MG
G-Armor (Real Type color) (MG),2009-06,Mobile Suit Gundam,UC,10780,MG
Guntank (MG),2009-09-17,Mobile Suit Gundam,UC,5280,MG
Gundam (3.0) (MG),2013-08-10,Mobile Suit Gundam,UC,4950,MG
Dom (MG),2022-02-11,Mobile Suit Gundam,UC,5500,MG
Rick Dom (MG),2022-03-12,Mobile Suit Gundam,UC,5500,MG
Gundam,1998-11,Mobile Suit Gundam,UC,13200,PG
Zaku II (Mass Production Type),1999-03,Mobile Suit Gundam,UC,13200,PG
Zaku II Commander Type (Char Aznable Custom),1999-07,Mobile Suit Gundam,UC,13200,PG
Gundam (RG),2010-07-24,Mobile Suit Gundam,UC,2750,RG
Char’s Zaku II (RG),2010-11-27,Mobile Suit Gundam,UC,2750,RG
Zaku II (RG),2011-07-23,Mobile Suit Gundam,UC,2750,RG
Z’Gok Commander Type (RG),2014-07-19,Mobile Suit Gundam,UC,2750,RG
Zeong (RG),2021-01-23,Mobile Suit Gundam,UC,6050,RG
Gundam (2.0) (RG),2024-08,Mobile Suit Gundam,UC,3850,RG
Gundaman (SD),1987-05,Mobile Suit Gundam,UC,330,SD
Dorakun (SD),1987-05,Mobile Suit Gundam,UC,330,SD
Zakun (SD),1987-05,Mobile Suit Gundam,UC,330,SD
Don (SD),1987-07,Mobile Suit Gundam,UC,330,SD
Gelgoog (SD),1988-09-15,Mobile Suit Gundam,UC,330,SD
Zeong (SD),1988-09-15,Mobile Suit Gundam,UC,330,SD
Guncannon (SD),1989-04-20,Mobile Suit Gundam,UC,330,SD
G-Armor (SD),1989-07-15,Mobile Suit Gundam,UC,550,SD
Gundam (SD),1999-11,Mobile Suit Gundam,UC,550,SD
Zaku II (SD),2001-07,Mobile Suit Gundam,UC,550,SD
Guntank (SD),2001-08,Mobile Suit Gundam,UC,550,SD
Guncannon (SD),2001-11,Mobile Suit Gundam,UC,550,SD
Zaku II (Char Aznable Custom) (SD),2002-03,Mobile Suit Gundam,UC,550,SD
Zeong (SD),2002-05,Mobile Suit Gundam,UC,880,SD
Gogg/Acguy/Zock (SD),2002-08,Mobile Suit Gundam,UC,1650,SD
Gundam (Anime Color) (SD),2009-07-11,Mobile Suit Gundam,UC,880,SD
Gundam (SD),2018-06-30,Mobile Suit Gundam,UC,880,SD
Zaku II (SD),2018-07-21,Mobile Suit Gundam,UC,880,SD
Char’s Zaku II (SD),2020-01-11,Mobile Suit Gundam,UC,880,SD
Gundam (SD),2015-10,Mobile Suit Gundam,UC,660,SD
Zeong (SD),1988,Mobile Suit Gundam,UC,440,SD
Guncannon (SD),1989,Mobile Suit Gundam,UC,440,SD
Zaku II (SD),1989,Mobile Suit Gundam,UC,440,SD
G Armor (SD),1989,Mobile Suit Gundam,UC,550,SD
Z’gok (Char Aznable Custom) (SD),2000-02,Mobile Suit Gundam,UC,440,SD
Dom (SD),2000-04,Mobile Suit Gundam,UC,440,SD
Z’gok (SD),2000-05,Mobile Suit Gundam,UC,440,SD
Gouf (SD),2000-11,Mobile Suit Gundam,UC,440,SD
Big Zam (SD),2001-01,Mobile Suit Gundam,UC,440,SD
Elmeth (SD),2001-02,Mobile Suit Gundam,UC,440,SD
Gundam G-3 (MG),1996-03-30,Mobile Suit Gundam (novel),UC,2750,MG
G-3 Gundam (2.0) (MG),2009-12-25,Mobile Suit Gundam (novel),UC,4620,MG
Gundam Exia (MG),2007-11,Mobile Suit Gundam 00,AD,2300,MG
Gundam Dynames (MG),2007-12,Mobile Suit Gundam 00,AD,2300,MG
Gundam Kyrios (MG),2008-01,Mobile Suit Gundam 00,AD,2600,MG
Gundam Virtue (MG),2008-02,Mobile Suit Gundam 00,AD,4000,MG
Over Flag (MG),2008-05,Mobile Suit Gundam 00,AD,2200,MG
Tieren Ground Type (MG),2008-06,Mobile Suit Gundam 00,AD,2800,MG
Gundam Exia (Trans-Am Mode) (MG),2008-08,Mobile Suit Gundam 00,AD,5000,MG
00 Gundam (MG),2008-11,Mobile Suit Gundam 00,AD,2800,MG
0 Raiser (MG),2008-12,Mobile Suit Gundam 00,AD,1600,MG
00 Raiser (MG),2008-12,Mobile Suit Gundam 00,AD,5000,MG
Cherudim Gundam (MG),2009-01,Mobile Suit Gundam 00,AD,2600,MG
Arios Gundam (MG),2009-02,Mobile Suit Gundam 00,AD,2600,MG
Seravee Gundam (MG),2009-03,Mobile Suit Gundam 00,AD,3600,MG
00 Raiser Designer Color (MG),2009-05,Mobile Suit Gundam 00,AD,5000,MG
Cherudim Gundam Designer Color (MG),2009-09,Mobile Suit Gundam 00,AD,3000,MG
Arios Gundam Designer Color (MG),2009-09,Mobile Suit Gundam 00,AD,3000,MG
Seravee Gundam Designer Color (MG),2009-09,Mobile Suit Gundam 00,AD,4200,MG
Gundam Exia (HG),2007-10-12,Mobile Suit Gundam 00,AD,1320,HG
Union Flag (HG),2007-10,Mobile Suit Gundam 00,AD,1100,HG
Gundam Dynames (HG),2007-11,Mobile Suit Gundam 00,AD,1320,HG
Gundam Kyrios (HG),2007-11,Mobile Suit Gundam 00,AD,1650,HG
Tieren Ground Type (HG),2007-11-25,Mobile Suit Gundam 00,AD,1320,HG
Gundam Virtue (HG),2007-12,Mobile Suit Gundam 00,AD,1650,HG
Graham’s Union Flag Custom (HG),2007-12,Mobile Suit Gundam 00,AD,1100,HG
Tieren Taozi (HG),2008-01,Mobile Suit Gundam 00,AD,1650,HG
Gundam Throne Eins (HG),2008-02,Mobile Suit Gundam 00,AD,1760,HG
Tieren Space Type (HG),2008-02,Mobile Suit Gundam 00,AD,1650,HG
Over Flag (HG),2008-03-20,Mobile Suit Gundam 00,AD,1320,HG
Gundam Throne Zwei (HG),2008-03-22,Mobile Suit Gundam 00,AD,1760,HG
GN Arms Type-E (HG),2008-03-14,Mobile Suit Gundam 00,AD,6050,HG
Gundam Throne Drei (HG),2008-04,Mobile Suit Gundam 00,AD,1760,HG
Gundam Nadleeh (HG),2008-04,Mobile Suit Gundam 00,AD,1320,HG
Tieren Space Commander Type (HG),2008-05,Mobile Suit Gundam 00,AD,1650,HG
Ali al-Saachez’s AEU Enact Custom Agrissa Type (HG),2008-06,Mobile Suit Gundam 00,AD,1100,HG
GN-X (HG),2008-07-19,Mobile Suit Gundam 00,AD,1320,HG
AEU Enact Demonstration color (HG),2008-08,Mobile Suit Gundam 00,AD,1100,HG
Ali al-Saachez’s AEU Enact Custom (Moraria Development Experiment Type) (HG),2008-09,Mobile Suit Gundam 00,AD,1100,HG
GN Arms Type-D (HG),2008-09-23,Mobile Suit Gundam 00,AD,6600,HG
00 Gundam (HG),2008-08-24,Mobile Suit Gundam 00,AD,1100,HG
GN-X III A-Laws Type (HG),2008-10,Mobile Suit Gundam 00,AD,1320,HG
Cherudim Gundam (HG),2008-10,Mobile Suit Gundam 00,AD,1320,HG
Ahead (HG),2008-11-08,Mobile Suit Gundam 00,AD,1320,HG
Seravee Gundam (HG),2008-11-22,Mobile Suit Gundam 00,AD,1760,HG
Mr. Bushido’s Ahead (HG),2008-12-06,Mobile Suit Gundam 00,AD,1320,HG
Arios Gundam (HG),2008-12,Mobile Suit Gundam 00,AD,1650,HG
GN Archer (HG),2009-01,Mobile Suit Gundam 00,AD,1320,HG
Gadessa (HG),2009-01,Mobile Suit Gundam 00,AD,1650,HG
Gundam Exia Trans-Am Mode (HG),2009-01,Mobile Suit Gundam 00,AD,1320,HG
Gundam Dynames Trans-Am Mode (HG),2009-01,Mobile Suit Gundam 00,AD,1320,HG
Gundam Kyrios Trans-Am Mode (HG),2009-01,Mobile Suit Gundam 00,AD,1650,HG
Gundam Virtue Trans-Am Mode (HG),2009-01,Mobile Suit Gundam 00,AD,1650,HG
O Raiser (HG),2009-01,Mobile Suit Gundam 00,AD,880,HG
GN-X III ESF Type (HG),2009-01,Mobile Suit Gundam 00,AD,1320,HG
Seraphim Gundam (HG),2009-02,Mobile Suit Gundam 00,AD,1100,HG
00 Raiser Designer’s Color version (HG),2009-02-13,Mobile Suit Gundam 00,AD,1980,HG
Sergei’s Tieren Taozi (HG),2009-02,Mobile Suit Gundam 00,AD,1650,HG
Garazzo (HG),2009-03,Mobile Suit Gundam 00,AD,1650,HG
Ahead Smultron (HG),2009-04-09,Mobile Suit Gundam 00,AD,1320,HG
Trans-Am Raiser (HG),2009-04-29,Mobile Suit Gundam 00,AD,2200,HG
Arche Gundam (HG),2009-04,Mobile Suit Gundam 00,AD,1760,HG
Gundam Exia Repair II (HG),2010-06-06,Mobile Suit Gundam 00,AD,1320,HG
0 Gundam (Type A.C.D.) (HG),2009-06-06,Mobile Suit Gundam 00,AD,1320,HG
Susanowo (HG),2009-06,Mobile Suit Gundam 00,AD,1650,HG
Hilling Care’s Carazzo (HG),2009-06,Mobile Suit Gundam 00,AD,1650,HG
Cherudim Gundam GNHW/R (HG),2009-07,Mobile Suit Gundam 00,AD,1980,HG
Gaddess (HG),2009-08,Mobile Suit Gundam 00,AD,1760,HG
Arios Gundam GNHW/R (HG),2009-08,Mobile Suit Gundam 00,AD,1980,HG
Seravee Gundam GNHW/R (HG),2009-09-04,Mobile Suit Gundam 00,AD,1980,HG
0 Gundam (HG),2009-09-04,Mobile Suit Gundam 00,AD,1320,HG
Reborns Gundam (HG),2009-08-10,Mobile Suit Gundam 00,AD,1980,HG
00 Raiser + GN Sword III (HG),2009-10-15,Mobile Suit Gundam 00,AD,2200,HG
Masurao (HG),2009-12-10,Mobile Suit Gundam 00,AD,1650,HG
Cherudim Gundam Trans-Am Mode (HG),2009-12-17,Mobile Suit Gundam 00,AD,1320,HG
Arios Gundam Trans-Am Mode (HG),2009-12-17,Mobile Suit Gundam 00,AD,1650,HG
Seravee & Seraphim Gundam Trans-Am Mode (HG),2009-12-17,Mobile Suit Gundam 00,AD,2640,HG
Susanowo Trans-Am Mode (HG),2010-01-08,Mobile Suit Gundam 00,AD,1650,HG
Reborns Gundam Trans-Am Mode (HG),2010-01-14,Mobile Suit Gundam 00,AD,1980,HG
Gundam Exia (MG),2009-07-25,Mobile Suit Gundam 00,AD,4180,MG
GN-X (MG),2010-12-28,Mobile Suit Gundam 00,AD,3960,MG
00 Raiser (MG),2011-05-28,Mobile Suit Gundam 00,AD,7150,MG
Gundam Dynames (MG),2019-05-22,Mobile Suit Gundam 00,AD,4950,MG
Gundam Kyrios (MG),2020-05-30,Mobile Suit Gundam 00,AD,5500,MG
Gundam Virtue (MG),2021-11-27,Mobile Suit Gundam 00,AD,8800,MG
00 Raiser,2009-11-26,Mobile Suit Gundam 00,AD,27500,PG
Gundam Exia,2017-12-02,Mobile Suit Gundam 00,AD,19800,PG
Gundam Exia (RG),2014-04-26,Mobile Suit Gundam 00,AD,2750,RG
00 Raiser (RG),2015-04-29,Mobile Suit Gundam 00,AD,3300,RG
Gundam Exia (SD),2008-08,Mobile Suit Gundam 00,AD,660,SD
Gundam 00 (SD),2008-10,Mobile Suit Gundam 00,AD,660,SD
00 Raiser (SD),2009-04,Mobile Suit Gundam 00,AD,1100,SD
0 Gundam (SD),2009-08,Mobile Suit Gundam 00,AD,660,SD
Gundam Exia Repair II (SD),2009-08-08,Mobile Suit Gundam 00,AD,880,SD
00 Seven Sword (SD),2011-09-10,Mobile Suit Gundam 00,AD,880,SD
Gundam Exia (SD),2015-10,Mobile Suit Gundam 00,AD,660,SD
00 Gundam (SD),2016-02,Mobile Suit Gundam 00,AD,660,SD
00 QAN[T] (HG),2010-08-07,Mobile Suit Gundam 00 The Movie -A Wakening of the Trailblazer-,AD,1760,HG
Gundam Zabanya (HG),2010-08-28,Mobile Suit Gundam 00 The Movie -A Wakening of the Trailblazer-,AD,1980,HG
Gundam Harute (HG),2010-09-18,Mobile Suit Gundam 00 The Movie -A Wakening of the Trailblazer-,AD,1980,HG
Raphael Gundam (HG),2010-09-24,Mobile Suit Gundam 00 The Movie -A Wakening of the Trailblazer-,AD,2200,HG
00 Raiser GN Condensor Type (HG),2010-10-09,Mobile Suit Gundam 00 The Movie -A Wakening of the Trailblazer-,AD,2200,HG
Brave Commander (HG),2010-11-13,Mobile Suit Gundam 00 The Movie -A Wakening of the Trailblazer-,AD,1760,HG
Brave Standard (HG),2010-11-13,Mobile Suit Gundam 00 The Movie -A Wakening of the Trailblazer-,AD,1760,HG
00 Qan[T] (MG),2010-11-20,Mobile Suit Gundam 00 The Movie -A Wakening of the Trailblazer-,AD,4950,MG
00 Qan[T] (RG),2016-05-28,Mobile Suit Gundam 00 The Movie -A Wakening of the Trailblazer-,AD,2750,RG
00 Qan[T] (SD),2010-12-11,Mobile Suit Gundam 00: A Wakening of the Trailblazer,AD,880,SD
Hygogg (HG),2003-06-05,Mobile Suit Gundam 0080: War in the Pocket,UC,1320,HG
GM Cold Districts Type (HG),2003-07-18,Mobile Suit Gundam 0080: War in the Pocket,UC,880,HG
Z’Gok Experiment (HG),2003-08,Mobile Suit Gundam 0080: War in the Pocket,UC,1320,HG
Guncannon Mass Production Type (HG),2004-02,Mobile Suit Gundam 0080: War in the Pocket,UC,1100,HG
Gelgoog Jäger (HG),2004-04,Mobile Suit Gundam 0080: War in the Pocket,UC,1320,HG
GM Command (HG),2004-05-21,Mobile Suit Gundam 0080: War in the Pocket,UC,880,HG
Gundam NT-1 “Alex” (HG),2004-06-18,Mobile Suit Gundam 0080: War in the Pocket,UC,1650,HG
GM Command Space Type (HG),2004-11,Mobile Suit Gundam 0080: War in the Pocket,UC,880,HG
Zaku II Kai (HG),2008-03-21,Mobile Suit Gundam 0080: War in the Pocket,UC,1320,HG
Kämpfer (HG),2008-08-09,Mobile Suit Gundam 0080: War in the Pocket,UC,1980,HG
Rick Dom II (Colony Attack Colors) (HG),2008-08,Mobile Suit Gundam 0080: War in the Pocket,UC,1650,HG
GM Sniper II (HG),2012-09-15,Mobile Suit Gundam 0080: War in the Pocket,UC,1650,HG
Gundam NT-1 “Alex” (MG),1999-10,Mobile Suit Gundam 0080: War in the Pocket,UC,3300,MG
Kämpfer (MG),2001-01,Mobile Suit Gundam 0080: War in the Pocket,UC,4400,MG
GM Sniper II (MG),2017-01-21,Mobile Suit Gundam 0080: War in the Pocket,UC,4180,MG
GM Command (Colony Type) (MG),2017-12-27,Mobile Suit Gundam 0080: War in the Pocket,UC,3850,MG
Gundam NT-1 “Alex” (2.0) (MG),2019-06-29,Mobile Suit Gundam 0080: War in the Pocket,UC,6380,MG
Zaku II Kai,2019-07-20,Mobile Suit Gundam 0080: War in the Pocket,UC,3850,RE
Gundam NT-1 (SD),1989-08-10,Mobile Suit Gundam 0080: War in the Pocket,UC,330,SD
Kampfer (SD),1989-09-20,Mobile Suit Gundam 0080: War in the Pocket,UC,330,SD
Gundam NT-1 (SD),2004-11,Mobile Suit Gundam 0080: War in the Pocket,UC,550,SD
Kampfer (SD),1989,Mobile Suit Gundam 0080: War in the Pocket,UC,440,SD
Gundam Zephyrantes (HG),2000-08-18,Mobile Suit Gundam 0083: Stardust Memory,UC,1320,HG
Gelgoog Marine (HG),2000-10,Mobile Suit Gundam 0083: Stardust Memory,UC,1320,HG
Dom Tropen (HG),2000-11-17,Mobile Suit Gundam 0083: Stardust Memory,UC,1650,HG
Gundam Zephyrantes Full Burnern (HG),2000-12-22,Mobile Suit Gundam 0083: Stardust Memory,UC,1650,HG
Gundam Dendrobium Stamen (HG),2001-12,Mobile Suit Gundam 0083: Stardust Memory,UC,1760,HG
Gelgoog Marine Commander Type (Cima Garahau Custom) (HG),2002-01,Mobile Suit Gundam 0083: Stardust Memory,UC,1650,HG
Dom Tropen (Kimbareid Forces) (HG),2002-02,Mobile Suit Gundam 0083: Stardust Memory,UC,1760,HG
Gundam Dendrobium (HG),2002-03,Mobile Suit Gundam 0083: Stardust Memory,UC,30800,HG
Rick Dom II (HG),2004-01,Mobile Suit Gundam 0083: Stardust Memory,UC,1650,HG
Gundam Physalis (HG),2006-07-24,Mobile Suit Gundam 0083: Stardust Memory,UC,2200,HG
Powered GM (HG),2006-08-18,Mobile Suit Gundam 0083: Stardust Memory,UC,1320,HG
GM Quel (HG),2007-01,Mobile Suit Gundam 0083: Stardust Memory,UC,1320,HG
Zaku II FZ Type (Zeon version) (HG),2010-02-27,Mobile Suit Gundam 0083: Stardust Memory,UC,1650,HG
Zaku II FZ Type (E.F.S.F. version) (HG),2010-03,Mobile Suit Gundam 0083: Stardust Memory,UC,1650,HG
GM Type C (HG),2010-08-21,Mobile Suit Gundam 0083: Stardust Memory,UC,1320,HG
GM Custom (HG),2011-01-22,Mobile Suit Gundam 0083: Stardust Memory,UC,1430,HG
GM Cannon II (HG),2011-06-18,Mobile Suit Gundam 0083: Stardust Memory,UC,1540,HG
Dra-C (HG),2011-11-26,Mobile Suit Gundam 0083: Stardust Memory,UC,2200,HG
Gerbera Tetra (HG),2013-07-27,Mobile Suit Gundam 0083: Stardust Memory,UC,1980,HG
Gundam Zephyrantes (MG),1997-08-01,Mobile Suit Gundam 0083: Stardust Memory,UC,2750,MG
Gundam Zephyrantes Full Burnern (MG),1997-12,Mobile Suit Gundam 0083: Stardust Memory,UC,3300,MG
Gundam Physalis (MG),1998-06,Mobile Suit Gundam 0083: Stardust Memory,UC,4400,MG
GM Custom (MG),1999-12,Mobile Suit Gundam 0083: Stardust Memory,UC,3300,MG
GM Quel (MG),1999-12,Mobile Suit Gundam 0083: Stardust Memory,UC,3300,MG
Gundam Dendrobium Stamen (MG),2001-04,Mobile Suit Gundam 0083: Stardust Memory,UC,3850,MG
Zaku II FZ Type (Zeon version) (MG),2002-04,Mobile Suit Gundam 0083: Stardust Memory,UC,3300,MG
GM Type C (Earth type) (MG),2002-06,Mobile Suit Gundam 0083: Stardust Memory,UC,2750,MG
Zaku II F2 Type (E.F.S.F. version) (MG),2002-09,Mobile Suit Gundam 0083: Stardust Memory,UC,3300,MG
GM Type C (Space type) (MG),2002-11,Mobile Suit Gundam 0083: Stardust Memory,UC,2750,MG
Gelgoog (Anavel Gato Custom) (MG),2003-02,Mobile Suit Gundam 0083: Stardust Memory,UC,3850,MG
Gundam Zephyrantes/Fb,2003-11,Mobile Suit Gundam 0083: Stardust Memory,UC,22000,PG
Gundam Zephyrantes (RG),2013-07-27,Mobile Suit Gundam 0083: Stardust Memory,UC,2750,RG
Gundam Zephyrantes Full Burnern (RG),2013-07-27,Mobile Suit Gundam 0083: Stardust Memory,UC,2750,RG
Gundam GP01Fb (SD),1999-02,Mobile Suit Gundam 0083: Stardust Memory,UC,550,SD
Gundam GP02A (SD),2000-01,Mobile Suit Gundam 0083: Stardust Memory,UC,880,SD
Dendrobium (SD),2000-06,Mobile Suit Gundam 0083: Stardust Memory,UC,1100,SD
Neue Ziel (SD),2001-11,Mobile Suit Gundam 0083: Stardust Memory,UC,880,SD
GM Custom (SD),1989,Mobile Suit Gundam 0083: Stardust Memory,UC,440,SD
Gundam Astraea Type F (MG),2008-06,Mobile Suit Gundam 00F,AD,2800,MG
Gundam Astraea Type-F (HG),2010-04-22,Mobile Suit Gundam 00F,AD,1980,HG
Gundam Astraea (MG),2008-04,Mobile Suit Gundam 00P,AD,2800,MG
Gundam Astraea (HG),2010-07-22,Mobile Suit Gundam 00P,AD,1760,HG
Gundam Avalanche Exia (MG),2008-07,Mobile Suit Gundam 00V,AD,3200,MG
00 Gundam Seven Sword/G (HG),2010-02-10,Mobile Suit Gundam 00V: Battlefield Record,AD,1760,HG
1.5 Gundam (HG),2010-05-19,Mobile Suit Gundam 00V: Battlefield Record,AD,1980,HG
Gundam Avalanche Exia Dash (HG),2010-06-24,Mobile Suit Gundam 00V: Battlefield Record,AD,2200,HG
00 Gundam Seven Sword/G (MG),2011-09-23,Mobile Suit Gundam 00V: Battlefield Record,AD,6050,MG
00 Qan[T] Full Saber (MG),2018-09-15,Mobile Suit Gundam 00V: Battlefield Record,AD,6050,MG
00 Gundam Seven Sword/G,2018-12-15,Mobile Suit Gundam 00V: Battlefield Record,AD,25300,PG
Gundam AGE-1 Normal (HG),2011-09-23,Mobile Suit Gundam AGE,UC,1320,HG
Gafran (HG),2011-10-01,Mobile Suit Gundam AGE,UC,1320,HG
Genoace (HG),2011-10-22,Mobile Suit Gundam AGE,UC,1320,HG
Genoace Custom (HG),2011-11-12,Mobile Suit Gundam AGE,UC,1320,HG
Gundam AGE-1 Titus (HG),2011-11-19,Mobile Suit Gundam AGE,UC,1320,HG
Zedas (HG),2011-11-26,Mobile Suit Gundam AGE,UC,1650,HG
Gundam AGE-1 Spallow (HG),2011-12-10,Mobile Suit Gundam AGE,UC,1320,HG
Baqto (HG),2011-12-10,Mobile Suit Gundam AGE,UC,1650,HG
G-Exes (HG),2011-12-17,Mobile Suit Gundam AGE,UC,1320,HG
Gundam AGE-2 Normal (HG),2012-01-21,Mobile Suit Gundam AGE,UC,1650,HG
Dorado (HG),2012-01-28,Mobile Suit Gundam AGE,UC,1320,HG
Zedas R (HG),2012-01-28,Mobile Suit Gundam AGE,UC,1650,HG
Adele (HG),2012-02-11,Mobile Suit Gundam AGE,UC,1320,HG
G-Bouncer (HG),2012-02-11,Mobile Suit Gundam AGE,UC,1650,HG
Zeydra (HG),2012-02-25,Mobile Suit Gundam AGE,UC,1430,HG
Genoace II (HG),2012-03-17,Mobile Suit Gundam AGE,UC,1320,HG
Gundam AGE-2 Double Bullet (HG),2012-03-24,Mobile Suit Gundam AGE,UC,1650,HG
Shaldoll Custom (HG),2012-04-14,Mobile Suit Gundam AGE,UC,1320,HG
Adele (Diva Colors) (HG),2012-04-21,Mobile Suit Gundam AGE,UC,1320,HG
Farsia (HG),2012-04-28,Mobile Suit Gundam AGE,UC,1320,HG
Gundam AGE-3 Normal (HG),2012-05-12,Mobile Suit Gundam AGE,UC,1760,HG
Danazine (HG),2012-05-12,Mobile Suit Gundam AGE,UC,1650,HG
Ghirarga (HG),2012-06-16,Mobile Suit Gundam AGE,UC,1430,HG
Gundam AGE-2 Dark Hound (HG),2012-07-14,Mobile Suit Gundam AGE,UC,1650,HG
G-Exes Jackedge (HG),2012-07-28,Mobile Suit Gundam AGE,UC,1320,HG
Gundam AGE-3 Orbital (HG),2012-08-08,Mobile Suit Gundam AGE,UC,1980,HG
Gundam AGE-FX (HG),2012-08-25,Mobile Suit Gundam AGE,UC,1760,HG
Clanche (HG),2012-09-08,Mobile Suit Gundam AGE,UC,1430,HG
Gundam Legilis (HG),2012-10-06,Mobile Suit Gundam AGE,UC,1650,HG
Gundam AGE-3 Fortress (HG),2012-11-23,Mobile Suit Gundam AGE,UC,1980,HG
Clanche Custom (HG),2012-12-08,Mobile Suit Gundam AGE,UC,1430,HG
Gundam AGE-FX Burst Mode (HG),2013-01-19,Mobile Suit Gundam AGE,UC,1980,HG
Shaldoll Rogue (HG),2013-02-09,Mobile Suit Gundam AGE,UC,1430,HG
Gundam AGE-1 Full Glansa (HG),2013-04-13,Mobile Suit Gundam AGE,UC,1760,HG
Gundam AGE-1 Normal (MG),2012-02-25,Mobile Suit Gundam AGE,UC,3850,MG
Gundam AGE-1 Titus (MG),2012-03-17,Mobile Suit Gundam AGE,UC,3850,MG
Gundam AGE-1 Spallow (MG),2012-04-28,Mobile Suit Gundam AGE,UC,3850,MG
Gundam AGE-2 Normal (MG),2012-08-11,Mobile Suit Gundam AGE,UC,4620,MG
Gundam AGE-2 Dark Hound (MG),2012-08-11,Mobile Suit Gundam AGE,UC,4620,MG
Gundam AGE-2 Double Bullet (MG),2013-06-21,Mobile Suit Gundam AGE,UC,4620,MG
Gundam AGE-1 (SD),2012-03-10,Mobile Suit Gundam AGE,UC,1100,SD
Gundam AGE-2 (SD),2012-05-12,Mobile Suit Gundam AGE,UC,1100,SD
Gundam AGE-3 (SD),2012-07-07,Mobile Suit Gundam AGE,UC,1320,SD
Gundam Legilis (SD),2012-09-08,Mobile Suit Gundam AGE,UC,1100,SD
Gundam AGE-FX (SD),2012-11-10,Mobile Suit Gundam AGE,UC,1100,SD
G-Xiphos (HG),2013-03-16,Mobile Suit Gundam AGE: Memories of Sid,UC,1650,HG
Gundam F90 (SD),1992-01-15,Mobile Suit Gundam F90,UC,550,SD
Gundam F90 A/P/V Type (SD),1991,Mobile Suit Gundam F90,UC,550,SD
Gundam F91 (HG),2013-12-21,Mobile Suit Gundam F91,UC,1320,HG
Gundam F91 (MG),2006-07-29,Mobile Suit Gundam F91,UC,3520,MG
Gundam F91 (2.0) (MG),2018-05-19,Mobile Suit Gundam F91,UC,4400,MG
Vigna Ghina,2018-06-23,Mobile Suit Gundam F91,UC,3520,RE
Gundam F91 (SD),1991-03-25,Mobile Suit Gundam F91,UC,550,SD
Gundam F91 (SD),1991,Mobile Suit Gundam F91,UC,550,SD
Zudah (HG),2006-06-11,Mobile Suit Gundam MS IGLOO,UC,1540,HG
Ball (Shark Mouth) (MG),2006-08-09,Mobile Suit Gundam MS IGLOO,UC,2420,MG
Zaku II “White Ogre” (2.0) (MG),2009-06-25,Mobile Suit Gundam MS IGLOO,UC,3850,MG
Unicorn Gundam 03 Phenex (SD),2014-09-06,Mobile Suit Gundam MSV,UC,1320,SD
Sinanju Stein (Narrative version) (HG),2018-10-27,Mobile Suit Gundam Narrative,UC,2860,HG
Narrative Gundam A-Packs (HG),2018-11-30,Mobile Suit Gundam Narrative,UC,6050,HG
Narrative Gundam C-Packs (HG),2019-03-09,Mobile Suit Gundam Narrative,UC,2530,HG
Silver Bullet Suppressor (HG),2019-06-22,Mobile Suit Gundam Narrative,UC,2970,HG
Sinanju Stein (Narrative version) (MG),2019-01-19,Mobile Suit Gundam Narrative,UC,8250,MG
Narrative Gundam C-Packs (Ver. Ka) (MG),2024-04-27,Mobile Suit Gundam Narrative,UC,7700,MG
Sinanju Stein (Narrative version) (Ver. Ka) (MG),2024-06-29,Mobile Suit Gundam Narrative,UC,8800,MG
Unicorn Gundam 03 Phenex (Destroy Mode) (Narrative ver.) (SD),2018-12-08,Mobile Suit Gundam Narrative,UC,1320,SD
Aile Strike Gundam (MG),2002-12-07,Mobile Suit Gundam SEED,CE,2200,MG
Aegis Gundam (MG),2002-02,Mobile Suit Gundam SEED,CE,2420,MG
Buster Gundam (MG),2003-03,Mobile Suit Gundam SEED,CE,2200,MG
Sword Strike Gundam (MG),2003-03,Mobile Suit Gundam SEED,CE,2420,MG
Launcher Strike Gundam (MG),2003-03,Mobile Suit Gundam SEED,CE,2420,MG
Duel Gundam Assault Shroud (MG),2003-05,Mobile Suit Gundam SEED,CE,2420,MG
Freedom Gundam (MG),2003-07,Mobile Suit Gundam SEED,CE,2420,MG
Justice Gundam (MG),2003-08,Mobile Suit Gundam SEED,CE,2420,MG
Blitz Gundam (MG),2003-12,Mobile Suit Gundam SEED,CE,2200,MG
Providence Gundam (MG),2004-05,Mobile Suit Gundam SEED,CE,2750,MG
Aile Strike Gundam (HG),2002-11-16,Mobile Suit Gundam SEED,CE,1320,HG
Duel Gundam Assault Shroud (HG),2002-11-16,Mobile Suit Gundam SEED,CE,1320,HG
Aegis Gundam (HG),2002-12-25,Mobile Suit Gundam SEED,CE,1320,HG
Buster Gundam (HG),2003-01,Mobile Suit Gundam SEED,CE,1100,HG
Blitz Gundam (HG),2003-04,Mobile Suit Gundam SEED,CE,1320,HG
Mobile GINN (HG),2003-04,Mobile Suit Gundam SEED,CE,1100,HG
Freedom Gundam (HG),2003-06,Mobile Suit Gundam SEED,CE,1650,HG
Justice Gundam (HG),2003-07,Mobile Suit Gundam SEED,CE,1650,HG
Calamity Gundam (HG),2003-08,Mobile Suit Gundam SEED,CE,1320,HG
Forbidden Gundam (HG),2003-09,Mobile Suit Gundam SEED,CE,1650,HG
Raider Gundam (HG),2003-11,Mobile Suit Gundam SEED,CE,1650,HG
Providence Gundam (HG),2004-03,Mobile Suit Gundam SEED,CE,1650,HG
Mobile CGUE (HG),2004-04,Mobile Suit Gundam SEED,CE,1320,HG
Meteor Unit + Freedom Gundam (HG),2004-05,Mobile Suit Gundam SEED,CE,8800,HG
Mobile BuCUE (HG),2007-01-20,Mobile Suit Gundam SEED,CE,1540,HG
Aile Strike Gundam (HG),2011-11-19,Mobile Suit Gundam SEED,CE,1320,HG
Duel Gundam Assault Shroud (HG),2011-11-19,Mobile Suit Gundam SEED,CE,1320,HG
Buster Gundam (HG),2011-11-19,Mobile Suit Gundam SEED,CE,1100,HG
Blitz Gundam (HG),2011-11-19,Mobile Suit Gundam SEED,CE,1320,HG
Aegis Gundam (HG),2011-11-19,Mobile Suit Gundam SEED,CE,1320,HG
Mobile GINN (HG),2011-11-19,Mobile Suit Gundam SEED,CE,1100,HG
Mobile CGUE (HG),2012-01-21,Mobile Suit Gundam SEED,CE,1320,HG
Calamity Gundam (HG),2012-01-21,Mobile Suit Gundam SEED,CE,1320,HG
Forbidden Gundam (HG),2012-01,Mobile Suit Gundam SEED,CE,1650,HG
Raider Gundam (HG),2012-01-21,Mobile Suit Gundam SEED,CE,1650,HG
LaGOWE (HG),2012-02-25,Mobile Suit Gundam SEED,CE,1540,HG
Mobile BuCUE (HG),2012-02-25,Mobile Suit Gundam SEED,CE,1540,HG
Providence Gundam (HG),2012-02-25,Mobile Suit Gundam SEED,CE,1650,HG
Justice Gundam (HG),2012-02-29,Mobile Suit Gundam SEED,CE,1650,HG
Freedom Gundam (HG),2012-02-29,Mobile Suit Gundam SEED,CE,1650,HG
M1 Astray (HG),2012-06-23,Mobile Suit Gundam SEED,CE,1540,HG
Aile Strike Gundam (HG),2014-02-08,Mobile Suit Gundam SEED,CE,1430,HG
Strike Rouge (HG),2014-03-29,Mobile Suit Gundam SEED,CE,1540,HG
Freedom Gundam (Revive) (HG),2015-08-06,Mobile Suit Gundam SEED,CE,1980,HG
Aile Strike Gundam (MG),2003-10,Mobile Suit Gundam SEED,CE,4180,MG
Freedom Gundam (MG),2004-07-25,Mobile Suit Gundam SEED,CE,4180,MG
Strike Rouge (MG),2004-09,Mobile Suit Gundam SEED,CE,4400,MG
Launcher/Sword Strike Gundam (MG),2008-04-26,Mobile Suit Gundam SEED,CE,5500,MG
Duel Gundam Assault Shroud (MG),2012-02-08,Mobile Suit Gundam SEED,CE,4620,MG
Blitz Gundam (MG),2012-06-23,Mobile Suit Gundam SEED,CE,4400,MG
Buster Gundam (MG),2012-09-22,Mobile Suit Gundam SEED,CE,4400,MG
Aegis Gundam (MG),2012-10-27,Mobile Suit Gundam SEED,CE,5280,MG
Aile Strike Gundam (Ver. RM) (MG),2013-05-25,Mobile Suit Gundam SEED,CE,4620,MG
Freedom Gundam (2.0) (MG),2016-04-29,Mobile Suit Gundam SEED,CE,4950,MG
Providence Gundam (MG),2017-03-13,Mobile Suit Gundam SEED,CE,5500,MG
Justice Gundam (MG),2017-06-24,Mobile Suit Gundam SEED,CE,5280,MG
GINN (MG),2021-04-17,Mobile Suit Gundam SEED,CE,4730,MG
Strike Gundam,2004-11,Mobile Suit Gundam SEED,CE,15400,PG
Skygrasper + Aile Striker,2005-06-11,Mobile Suit Gundam SEED,CE,5500,PG
Aile Strike Rouge + Skygrasper,2005-08-27,Mobile Suit Gundam SEED,CE,20900,PG
Perfect Strike Gundam,2020-02-22,Mobile Suit Gundam SEED,CE,27500,PG
Aile Strike Gundam (RG),2011-04-30,Mobile Suit Gundam SEED,CE,2750,RG
Freedom Gundam (RG),2011-11-19,Mobile Suit Gundam SEED,CE,2750,RG
Skygrasper Launcher/Sword Pack (RG),2012-02-29,Mobile Suit Gundam SEED,CE,2750,RG
Justice Gundam (RG),2012-07-28,Mobile Suit Gundam SEED,CE,2750,RG
Strike Gundam (SD),2003-02,Mobile Suit Gundam SEED,CE,550,SD
Freedom Gundam (SD),2003-11,Mobile Suit Gundam SEED,CE,550,SD
Strike Gundam Striker Weapon System [Perfect Strike Gundam] (SD),2004-01,Mobile Suit Gundam SEED,CE,1100,SD
Aegis Gundam (SD),2004-02,Mobile Suit Gundam SEED,CE,550,SD
Blitz Gundam (SD),2004-05,Mobile Suit Gundam SEED,CE,550,SD
Justice Gundam (SD),2004-09,Mobile Suit Gundam SEED,CE,660,SD
Duel Gundam Assault Shroud (SD),2005-02,Mobile Suit Gundam SEED,CE,550,SD
Freedom Gundam (SD),2019-02-23,Mobile Suit Gundam SEED,CE,1100,SD
Aile Strike Gundam (SD),2015-10,Mobile Suit Gundam SEED,CE,660,SD
Gundam Astray Red Frame (MG),2004-04,Mobile Suit Gundam SEED Astray,CE,2200,MG
Gundam Astray Blue Frame Second L (MG),2004-07,Mobile Suit Gundam SEED Astray,CE,2750,MG
Gundam Astray Gold Frame (MG),2009-05,Mobile Suit Gundam SEED Astray,CE,4400,MG
Gundam Astray Gold Frame Amatsu (MG),2006-07-08,Mobile Suit Gundam SEED Astray,CE,4180,MG
Gundam Astray Red Frame (HG),2003-11,Mobile Suit Gundam SEED Astray,CE,1320,HG
Gundam Astray Blue Frame (HG),2004-02,Mobile Suit Gundam SEED Astray,CE,1320,HG
Rudolf Wittgensteinâ??s GOUF Ignited (HG),2008-01-26,Mobile Suit Gundam SEED Astray,CE,1650,HG
Kerberos BuCUE Hound (Alec Ladd Custom) (HG),2008-02-23,Mobile Suit Gundam SEED Astray,CE,1650,HG
Mobile CGUE (Xist Elwes Custom) (HG),2008-02-23,Mobile Suit Gundam SEED Astray,CE,1320,HG
Astray Green Frame (Trojan Noiret Custom) (HG),2008-03-26,Mobile Suit Gundam SEED Astray,CE,1320,HG
Gundam Astray Blue Frame Second L (HG),2013-05-25,Mobile Suit Gundam SEED Astray,CE,1870,HG
Gundam Astray Red Frame (Flight Unit) (HG),2013-08-24,Mobile Suit Gundam SEED Astray,CE,1870,HG
Gundam Astray Red Frame,2009-03-27,Mobile Suit Gundam SEED Astray,CE,19800,PG
Gundam Astray Red Frame (RG),2015-08-08,Mobile Suit Gundam SEED Astray,CE,2750,RG
Gundam Astray Red Frame (SD),2003-04,Mobile Suit Gundam SEED Astray,CE,550,SD
Gundam Astray Gold Frame (SD),2007-09,Mobile Suit Gundam SEED Astray,CE,1100,SD
Astray Red Frame (SD),2016-01,Mobile Suit Gundam SEED Astray,CE,660,SD
Gundam Astray Gold Frame Amatsu Mina (HG),2013-09-21,Mobile Suit Gundam SEED Astray R,CE,1980,HG
Gundam Astray Gold Frame Amatsu Mina (RG),2017-03-25,Mobile Suit Gundam SEED Astray R,CE,3300,RG
Strike E + I.W.S.P. (Lukas O’Donnell Custom) (MG),2008-02-23,Mobile Suit Gundam SEED C.E. 73 ? Astray,CE,4950,MG
Strike Noir Gundam (HG),2006-06-30,Mobile Suit Gundam SEED C.E. 73: Stargazer,CE,1650,HG
Verde Buster Gundam (HG),2006-08-09,Mobile Suit Gundam SEED C.E. 73: Stargazer,CE,1760,HG
105 Slaughter Dagger (HG),2006-08,Mobile Suit Gundam SEED C.E. 73: Stargazer,CE,1320,HG
Blu Duel Gundam (HG),2006-09-09,Mobile Suit Gundam SEED C.E. 73: Stargazer,CE,1760,HG
GINN Type Insurgent (HG),2006-09,Mobile Suit Gundam SEED C.E. 73: Stargazer,CE,1320,HG
Kerberos BuCUE Hound (HG),2006-11-24,Mobile Suit Gundam SEED C.E. 73: Stargazer,CE,2800,HG
Stargazer Gundam (HG),2006-11-24,Mobile Suit Gundam SEED C.E. 73: Stargazer,CE,1760,HG
Civilian Astray DSSD Custom (HG),2007-02,Mobile Suit Gundam SEED C.E. 73: Stargazer,CE,1650,HG
Strike Noir Gundam (MG),2007-03-18,Mobile Suit Gundam SEED C.E. 73: Stargazer,CE,4950,MG
Strike Noir Gundam (SD),2006-12,Mobile Suit Gundam SEED C.E. 73: Stargazer,CE,660,SD
Verde Buster Gundam (SD),2007-04,Mobile Suit Gundam SEED C.E. 73: Stargazer,CE,660,SD
Blu Duel Gundam (SD),2007-05,Mobile Suit Gundam SEED C.E. 73: Stargazer,CE,660,SD
Stargazer Gundam (SD),2007-08,Mobile Suit Gundam SEED C.E. 73: Stargazer,CE,660,SD
Force Impulse Gundam (MG),2004-12,Mobile Suit Gundam SEED Destiny,CE,2420,MG
Chaos Gundam (MG),2005-01,Mobile Suit Gundam SEED Destiny,CE,2530,MG
Gunner ZAKU Warrior Lunamaria colors (MG),2005-03,Mobile Suit Gundam SEED Destiny,CE,2530,MG
Blaze ZAKU Phantom Rey colors (MG),2005-04-21,Mobile Suit Gundam SEED Destiny,CE,2860,MG
Sword Impulse Gundam (MG),2005-05,Mobile Suit Gundam SEED Destiny,CE,2530,MG
ZAKU Warrior + Blaze & Gunner Wizard (MG),2005-05,Mobile Suit Gundam SEED Destiny,CE,3300,MG
Blaze ZAKU Phantom Heine colors (MG),2005-06-08,Mobile Suit Gundam SEED Destiny,CE,2860,MG
Destiny Gundam (MG),2005-07-16,Mobile Suit Gundam SEED Destiny,CE,2860,MG
Strike Freedom Gundam (MG),2005-08-06,Mobile Suit Gundam SEED Destiny,CE,2860,MG
Force Impulse Gundam + Sword Silhouette Extra Finish version (MG),2005-09,Mobile Suit Gundam SEED Destiny,CE,6600,MG
Infinite Justice Gundam (MG),2006-05-17,Mobile Suit Gundam SEED Destiny,CE,2860,MG
Legend Gundam (MG),2006-06-30,Mobile Suit Gundam SEED Destiny,CE,2860,MG
Saviour Gundam (MG),2006-10-25,Mobile Suit Gundam SEED Destiny,CE,2860,MG
Akatsuki Gundam Oowashi/Shiranui Pack Full Set (MG),2007-03,Mobile Suit Gundam SEED Destiny,CE,7150,MG
Force Impulse Gundam (HG),2004-11,Mobile Suit Gundam SEED Destiny,CE,1650,HG
ZAKU Warrior (HG),2004-11,Mobile Suit Gundam SEED Destiny,CE,1100,HG
Chaos Gundam (HG),2004-12,Mobile Suit Gundam SEED Destiny,CE,1650,HG
Gaia Gundam (HG),2005-01,Mobile Suit Gundam SEED Destiny,CE,1650,HG
Sword Impulse Gundam (HG),2005-02,Mobile Suit Gundam SEED Destiny,CE,1650,HG
Gunner ZAKU Warrior (Lunamaria Hawke Custom) (HG),2005-02,Mobile Suit Gundam SEED Destiny,CE,1430,HG
Gunner ZAKU Warrior (HG),2005-03,Mobile Suit Gundam SEED Destiny,CE,1430,HG
Saviour Gundam (HG),2005-03,Mobile Suit Gundam SEED Destiny,CE,1650,HG
ZAKU Warrior (Live Concert Ver.) (HG),2005-03,Mobile Suit Gundam SEED Destiny,CE,1100,HG
Abyss Gundam (HG),2005-04-07,Mobile Suit Gundam SEED Destiny,CE,1650,HG
GOUF Ignited (Heine Westenfluss Custom) (HG),2005-05,Mobile Suit Gundam SEED Destiny,CE,1650,HG
Blaze ZAKU Phantom (Rey Za Burrel Custom) (HG),2005-06-29,Mobile Suit Gundam SEED Destiny,CE,1650,HG
GINN Type High-Maneuver 2 (HG),2005-07-16,Mobile Suit Gundam SEED Destiny,CE,1650,HG
DOM Trooper (HG),2005-07-30,Mobile Suit Gundam SEED Destiny,CE,1650,HG
GOUF Ignited (Mass Production version) (HG),2005-08-12,Mobile Suit Gundam SEED Destiny,CE,1650,HG
Infinite Justice Gundam (HG),2005-08-21,Mobile Suit Gundam SEED Destiny,CE,1760,HG
Gaia Gundam (Andrew Waltfeld Custom) (HG),2005-08,Mobile Suit Gundam SEED Destiny,CE,1650,HG
Strike Freedom Gundam (HG),2005-09-30,Mobile Suit Gundam SEED Destiny,CE,1760,HG
Legend Gundam (HG),2005-10-21,Mobile Suit Gundam SEED Destiny,CE,1650,HG
Destiny Gundam (HG),2005-11-23,Mobile Suit Gundam SEED Destiny,CE,1760,HG
Murasame (Andrew Waltfeld Custom) (HG),2005-12-17,Mobile Suit Gundam SEED Destiny,CE,1650,HG
Shiranui Akatsuki Gundam (HG),2006-01-28,Mobile Suit Gundam SEED Destiny,CE,2640,HG
Murasame (HG),2006-03-11,Mobile Suit Gundam SEED Destiny,CE,1650,HG
Oowashi Akatsuki Gundam (HG),2006-04-23,Mobile Suit Gundam SEED Destiny,CE,2640,HG
GOUF Ignited (Yzak Joule Custom) (HG),2007-08-11,Mobile Suit Gundam SEED Destiny,CE,1650,HG
Blaze ZAKU Phantom (Dearka Eisman Custom) (HG),2007-09-08,Mobile Suit Gundam SEED Destiny,CE,1650,HG
Force Impulse Gundam (Revive) (HG),2016-06-18,Mobile Suit Gundam SEED Destiny,CE,1980,HG
Strike Freedom Gundam (Revive) (HG),2016-11-12,Mobile Suit Gundam SEED Destiny,CE,2200,HG
Destiny Gundam (HG),2019-05-31,Mobile Suit Gundam SEED Destiny,CE,2420,HG
Destiny Gundam (Heine Westenfluss Custom) (HG),2019-07-06,Mobile Suit Gundam SEED Destiny,CE,2420,HG
Infinite Justice Gundam (HG),2020-05-23,Mobile Suit Gundam SEED Destiny,CE,2420,HG
Jet Windam (HG),2020-05-23,Mobile Suit Gundam SEED Destiny,CE,1540,HG
Dagger L (HG),2021-04-10,Mobile Suit Gundam SEED Destiny,CE,1320,HG
Destroy Gundam (HG),2024-03-09,Mobile Suit Gundam SEED Destiny,CE,14300,HG
Strike Freedom Gundam (MG),2006-12-23,Mobile Suit Gundam SEED Destiny,CE,5280,MG
Destiny Gundam (MG),2007-10-28,Mobile Suit Gundam SEED Destiny,CE,5280,MG
Force Impulse Gundam (MG),2008-05-24,Mobile Suit Gundam SEED Destiny,CE,4950,MG
Infinite Justice Gundam (MG),2008-10,Mobile Suit Gundam SEED Destiny,CE,5500,MG
Sword Impulse Gundam (MG),2009-04,Mobile Suit Gundam SEED Destiny,CE,4950,MG
Strike Rouge + Ootori (Ver. RM) (MG),2013-09-28,Mobile Suit Gundam SEED Destiny,CE,4620,MG
Gunner ZAKU Warrior (Lunamaria Hawke Custom) (MG),2019-09-28,Mobile Suit Gundam SEED Destiny,CE,4730,MG
Strike Freedom Gundam,2010-12-11,Mobile Suit Gundam SEED Destiny,CE,27500,PG
Destiny Gundam (RG),2013-04-27,Mobile Suit Gundam SEED Destiny,CE,2750,RG
Strike Freedom Gundam (RG),2013-11-21,Mobile Suit Gundam SEED Destiny,CE,3300,RG
Force Impulse Gundam (RG),2020-04-25,Mobile Suit Gundam SEED Destiny,CE,3300,RG
Force Impulse Gundam (SD),2005-06,Mobile Suit Gundam SEED Destiny,CE,660,SD
Gunner Zaku Warrior (Lunamaria Hawke Custom) (SD),2005-07-23,Mobile Suit Gundam SEED Destiny,CE,660,SD
Blaze Zaku Phantom (Rey Za Burrel Custom) (SD),2005-11-26,Mobile Suit Gundam SEED Destiny,CE,660,SD
Strike Freedom Gundam (SD),2006-03-16,Mobile Suit Gundam SEED Destiny,CE,660,SD
Destiny Gundam (SD),2006-05-13,Mobile Suit Gundam SEED Destiny,CE,880,SD
Blaze Zaku Warrior (SD),2007-07,Mobile Suit Gundam SEED Destiny,CE,660,SD
Blaze Zaku Phantom (Heine Westenfluss Custom) (SD),2007-08-24,Mobile Suit Gundam SEED Destiny,CE,660,SD
Strike Freedom Gundam (SD),2015-12,Mobile Suit Gundam SEED Destiny,CE,660,SD
Destiny Gundam (SD),2016-03,Mobile Suit Gundam SEED Destiny,CE,660,SD
Gundam Astray Green Frame (MG),2009-03,Mobile Suit Gundam SEED Destiny Astray,CE,2750,MG
Nix Providence Gundam (MG),2009-09-28,Mobile Suit Gundam SEED Destiny Astray,CE,2750,MG
Gundam Astray Mirage Frame (MG),2009-10-29,Mobile Suit Gundam SEED Destiny Astray,CE,2750,MG
Vent Saviour Gundam (MG),2009-11-26,Mobile Suit Gundam SEED Destiny Astray,CE,3080,MG
Gundam Astray Mirage Frame 2nd Issue (MG),2010-01-30,Mobile Suit Gundam SEED Destiny Astray,CE,2750,MG
Gundam Astray Blue Frame D (MG),2014-11-22,Mobile Suit Gundam SEED Destiny Astray B,CE,5280,MG
Eclipse Gundam (MG),2021-08-21,Mobile Suit Gundam SEED Eclipse,CE,5500,MG
Arms Astray PMC Custom (Leons Graves) (HG),2008-03-26,Mobile Suit Gundam SEED Frame Astrays,CE,1650,HG
Rising Freedom Gundam (HG),2024-01-26,Mobile Suit Gundam SEED Freedom,CE,2640,HG
Immortal Justice Gundam (HG),2024-01-26,Mobile Suit Gundam SEED Freedom,CE,2640,HG
Black Knight Squad Shi-ve.A (HG),2024-02-23,Mobile Suit Gundam SEED Freedom,CE,2970,HG
Black Knight Squad Rud-ro.A (Griffin Arbalest Custom) (HG),2024-03-23,Mobile Suit Gundam SEED Freedom,CE,2970,HG
GELGOOG Menace (Lunamaria Hawke Custom) (HG),2024-03-23,Mobile Suit Gundam SEED Freedom,CE,3190,HG
GYAN Strom (Agnes Giebenrath Custom) (HG),2024-04-27,Mobile Suit Gundam SEED Freedom,CE,3190,HG
Mighty Strike Freedom Gundam (HG),2024-05-25,Mobile Suit Gundam SEED Freedom,CE,2970,HG
Infinite Justice Gundam Type II (HG),2024-06-29,Mobile Suit Gundam SEED Freedom,CE,3080,HG
Duel Blitz Gundam (HG),2024-07,Mobile Suit Gundam SEED Freedom,CE,2970,HG
Lightning Buster Gundam (HG),2024-09,Mobile Suit Gundam SEED Freedom,CE,2860,HG
Force Impulse Gundam Spec-II (RG),2024-02-10,Mobile Suit Gundam SEED Freedom,CE,3410,RG
Mighty Strike Freedom (SD),2024-09,Mobile Suit Gundam SEED Freedom,CE,1980,SD
Rising Freedom Gundam (SD),2024-01-26,Mobile Suit Gundam SEED Freedom,CE,660,SD
Perfect Strike Gundam (HG),2013-02-23,Mobile Suit Gundam SEED HD Remaster,CE,1870,HG
Mobile GINN (Miguel Aiman) (HG),2004-05,Mobile Suit Gundam SEED MSV,CE,1100,HG
Strike Rouge + IWSP (HG),2004-05,Mobile Suit Gundam SEED MSV,CE,1650,HG
GINN Type High-Maneuver (HG),2004-06,Mobile Suit Gundam SEED MSV,CE,1320,HG
Hyperion Gundam (HG),2004-07,Mobile Suit Gundam SEED MSV,CE,1320,HG
CGUE Type D.E.E.P. Arms (HG),2004-08,Mobile Suit Gundam SEED MSV,CE,1650,HG
105 Dagger + Gunbarrel (HG),2004-09,Mobile Suit Gundam SEED MSV,CE,1650,HG
Dreadnought Gundam (HG),2004-10,Mobile Suit Gundam SEED MSV,CE,1650,HG
Strike Gundam + I.W.S.P. (MG),2006-10-28,Mobile Suit Gundam SEED MSV,CE,4620,MG
Gale Strike Gundam (MG),2009-08,Mobile Suit Gundam SEED VS Astray,CE,2750,MG
Hail Buster Gundam (MG),2009-08,Mobile Suit Gundam SEED VS Astray,CE,2750,MG
Regen Duel Gundam (MG),2009-09,Mobile Suit Gundam SEED VS Astray,CE,4200,MG
Nebula Blitz Gundam (MG),2009-12,Mobile Suit Gundam SEED VS Astray,CE,3080,MG
Gundam Astray Blue Frame 2nd Revise (MG),2009-10-24,Mobile Suit Gundam SEED VS Astray,CE,5280,MG
Gundam Astray Red Frame Kai (MG),2010-02-27,Mobile Suit Gundam SEED VS Astray,CE,5500,MG
Blue Destiny Unit 2 (HG),2007-04-20,Mobile Suit Gundam Side Story: The Blue Destiny,UC,1650,HG
Blue Destiny Unit 1 (HG),2007-07-08,Mobile Suit Gundam Side Story: The Blue Destiny,UC,1650,HG
Blue Destiny Unit 3 (HG),2007-09-16,Mobile Suit Gundam Side Story: The Blue Destiny,UC,1650,HG
Blue Destiny Unit 1 “EXAM” (HG),2017-08-05,Mobile Suit Gundam Side Story: The Blue Destiny,UC,1760,HG
Blue Destiny Unit 2 “EXAM” (HG),2017-12-09,Mobile Suit Gundam Side Story: The Blue Destiny,UC,1760,HG
Blue Destiny Unit 3 “EXAM” (HG),2018-05-17,Mobile Suit Gundam Side Story: The Blue Destiny,UC,1760,HG
Efreet Custom,2016-04-23,Mobile Suit Gundam Side Story: The Blue Destiny,UC,3850,RE
Blue Destiny Unit 3 (SD),2000-10,Mobile Suit Gundam Side Story: The Blue Destiny,UC,440,SD
Blue Destiny Unit 1 (SD),2001-11,Mobile Suit Gundam Side Story: The Blue Destiny,UC,440,SD
Full Armor Gundam (HG),2013-12-28,Mobile Suit Gundam Thunderbolt,UC,2970,HG
GM (HG),2013-12,Mobile Suit Gundam Thunderbolt,UC,1980,HG
Zaku II + Big Gun Set (HG),2013-12-28,Mobile Suit Gundam Thunderbolt,UC,4180,HG
Zaku II (HG),2014-02-28,Mobile Suit Gundam Thunderbolt,UC,1980,HG
Psycho Zaku (HG),2014-02,Mobile Suit Gundam Thunderbolt,UC,2970,HG
Zaku I (HG),2014-06,Mobile Suit Gundam Thunderbolt,UC,1980,HG
Full Armor Gundam (Animation version) (HG),2016-04-09,Mobile Suit Gundam Thunderbolt,UC,2970,HG
Zaku II + Big Gun Set (Animation version) (HG),2016-04,Mobile Suit Gundam Thunderbolt,UC,4180,HG
Psycho Zaku (Animation version) (HG),2016-05,Mobile Suit Gundam Thunderbolt,UC,2970,HG
GM (Animation version) (HG),2016-05,Mobile Suit Gundam Thunderbolt,UC,1980,HG
Zaku I (Animation version) (HG),2016-06,Mobile Suit Gundam Thunderbolt,UC,1980,HG
Atlas Gundam (HG),2017-03-01,Mobile Suit Gundam Thunderbolt,UC,2530,HG
Gundam Ground Type-S (HG),2017-05,Mobile Suit Gundam Thunderbolt,UC,1980,HG
Full Armor Gundam (Thunderbolt) (Ver. Ka) (MG),2016-07-23,Mobile Suit Gundam Thunderbolt,UC,7700,MG
Zaku II High Mobility Type “Psycho Zaku” (Ver. Ka) (MG),2016-12-16,Mobile Suit Gundam Thunderbolt,UC,9900,MG
Gundam Tristan (HG),2017-06-10,Mobile Suit Gundam Twilight Axis,UC,1650,HG
Unicorn Gundam 03 Phenex (Destroy Mode) (Narrative version) (HG),2018-06-23,Mobile Suit Gundam UC: One of Seventy Two,UC,3080,HG
Unicorn Gundam 03 Phenex (Destroy Mode) (Narrative version) (Gold Coating version) (HG),2018-10-06,Mobile Suit Gundam UC: One of Seventy Two,UC,5500,HG
Unicorn Gundam 03 Phenex (Unicorn Mode) (Narrative version) (Gold Coating version) (HG),2019-08-03,Mobile Suit Gundam UC: One of Seventy Two,UC,5500,HG
Unicorn Gundam 03 Phenex (MG),2014-02-15,Mobile Suit Gundam UC: One of Seventy Two,UC,13200,MG
Kshatriya (HG),2009-10-15,Mobile Suit Gundam Unicorn,UC,4950,HG
Unicorn Gundam (Destroy Mode) (HG),2009-11-11,Mobile Suit Gundam Unicorn,UC,1980,HG
Unicorn Gundam (Unicorn Mode) (HG),2009-11-21,Mobile Suit Gundam Unicorn,UC,1650,HG
Geara Zulu (HG),2009-12-26,Mobile Suit Gundam Unicorn,UC,1980,HG
ReZEL (HG),2010-01-22,Mobile Suit Gundam Unicorn,UC,2200,HG
Stark Jegan (HG),2010-02-18,Mobile Suit Gundam Unicorn,UC,2200,HG
Loto (Twin set) (HG),2010-03-06,Mobile Suit Gundam Unicorn,UC,1760,HG
ReZEL Commander Type (HG),2010-03-18,Mobile Suit Gundam Unicorn,UC,2420,HG
Geara Zulu (Angelo Sauper Use) (HG),2010-07-31,Mobile Suit Gundam Unicorn,UC,2420,HG
Delta Plus (HG),2010-09-11,Mobile Suit Gundam Unicorn,UC,2420,HG
Sinanju (HG),2010-10-23,Mobile Suit Gundam Unicorn,UC,2860,HG
Geara Zulu (Guards Type) (HG),2011-03-05,Mobile Suit Gundam Unicorn,UC,2200,HG
Jegan (ECOAS Type) (HG),2011-04-09,Mobile Suit Gundam Unicorn,UC,1760,HG
Dreissen (Unicorn version) (HG),2011-05-21,Mobile Suit Gundam Unicorn,UC,2200,HG
Jesta (HG),2011-09-17,Mobile Suit Gundam Unicorn,UC,1760,HG
Zee Zulu (HG),2011-11-26,Mobile Suit Gundam Unicorn,UC,2420,HG
Unicorn Gundam 02 Banshee (Destroy Mode) (HG),2012-01-08,Mobile Suit Gundam Unicorn,UC,1980,HG
Unicorn Gundam 02 Banshee (Unicorn Mode) (HG),2012-01-08,Mobile Suit Gundam Unicorn,UC,1760,HG
Zaku I Sniper Type (Yonem Kirks Custom) (HG),2012-03-24,Mobile Suit Gundam Unicorn,UC,1760,HG
Marasai (Unicorn version) (HG),2012-03-24,Mobile Suit Gundam Unicorn,UC,1760,HG
Juaggu (Unicorn version) (HG),2012-03-30,Mobile Suit Gundam Unicorn,UC,1870,HG
Nemo (Unicorn version) (HG),2012-04-21,Mobile Suit Gundam Unicorn,UC,1650,HG
Anksha (HG),2012-05-26,Mobile Suit Gundam Unicorn,UC,2860,HG
ReZEL Type C (Defenser B-Unit) (GR) (HG),2012-06-16,Mobile Suit Gundam Unicorn,UC,2860,HG
Base Jabber (Unicorn version) (HG),2012-07-14,Mobile Suit Gundam Unicorn,UC,1100,HG
Byarlant Custom (HG),2012-11-10,Mobile Suit Gundam Unicorn,UC,2860,HG
Rozen Zulu (HG),2012-12-29,Mobile Suit Gundam Unicorn,UC,3080,HG
Jesta Cannon (HG),2013-02-23,Mobile Suit Gundam Unicorn,UC,2200,HG
Unicorn Gundam 02 Banshee Norn (Unicorn Mode) (HG),2013-03-09,Mobile Suit Gundam Unicorn,UC,1870,HG
Full Armor Unicorn Gundam (Unicorn Mode) (HG),2013-05-02,Mobile Suit Gundam Unicorn,UC,3300,HG
Base Jabber Type 89 (HG),2013-06-15,Mobile Suit Gundam Unicorn,UC,1320,HG
Döven Wolf (Unicorn version) (HG),2013-08-07,Mobile Suit Gundam Unicorn,UC,2420,HG
Zogok (Unicorn version) (HG),2013-09-07,Mobile Suit Gundam Unicorn,UC,1870,HG
Nemo (Unicorn Desert Color version) (HG),2013-11-16,Mobile Suit Gundam Unicorn,UC,1650,HG
Unicorn Gundam 02 Banshee Norn (Destroy Mode) (HG),2014-03-22,Mobile Suit Gundam Unicorn,UC,2200,HG
Full Armor Unicorn Gundam (Destroy Mode) (HG),2014-04-19,Mobile Suit Gundam Unicorn,UC,3520,HG
Kshatriya Repaired (HG),2014-03-17,Mobile Suit Gundam Unicorn,UC,7150,HG
Zssa (Unicorn version) (HG),2014-06-21,Mobile Suit Gundam Unicorn,UC,2640,HG
Neo Zeong (HG),2014-06-28,Mobile Suit Gundam Unicorn,UC,27500,HG
Zeta Plus A1 (Unicorn version) (HG),2014-07-12,Mobile Suit Gundam Unicorn,UC,2640,HG
Schuzrum-Galluss (HG),2014-07-12,Mobile Suit Gundam Unicorn,UC,2640,HG
Rozen Zulu (Episode 7 version) (HG),2014-08-09,Mobile Suit Gundam Unicorn,UC,3080,HG
Full Armor Unicorn Gundam (Destroy Mode/Red Color version) (HG),2016-06-18,Mobile Suit Gundam Unicorn,UC,3740,HG
Efreet Schneid (HG),2017-07-08,Mobile Suit Gundam Unicorn,UC,1980,HG
Gustav Karl Type-13 (Unicorn version) (HG),2019-02-16,Mobile Suit Gundam Unicorn,UC,2640,HG
Unicorn Gundam (Ver. Ka) (MG),2007-12-22,Mobile Suit Gundam Unicorn,UC,5500,MG
Sinanju (Ver. Ka) (MG),2008-12-27,Mobile Suit Gundam Unicorn,UC,7700,MG
Unicorn Gundam (OVA version) (MG),2010-03-11,Mobile Suit Gundam Unicorn,UC,5500,MG
ReZEL (MG),2010-10-23,Mobile Suit Gundam Unicorn,UC,5280,MG
ReZEL Commander Type (MG),2011-01-15,Mobile Suit Gundam Unicorn,UC,5500,MG
Delta Plus (MG),2011-08-06,Mobile Suit Gundam Unicorn,UC,4950,MG
Full Armor Unicorn Gundam (Ver. Ka) (MG),2011-12-24,Mobile Suit Gundam Unicorn,UC,8800,MG
Unicorn Gundam 02 Banshee (MG),2012-03-24,Mobile Suit Gundam Unicorn,UC,6050,MG
ReZEL Type-C (Defenser b-Unit) (GR) (MG),2013-03-23,Mobile Suit Gundam Unicorn,UC,7150,MG
Sinanju (OVA version) (MG),2013-03-27,Mobile Suit Gundam Unicorn,UC,8250,MG
Jesta (MG),2013-04-20,Mobile Suit Gundam Unicorn,UC,4400,MG
Unicorn Gundam 02 Banshee (Ver. Ka) (MG),2018-03-10,Mobile Suit Gundam Unicorn,UC,5500,MG
Unicorn Gundam,2014-12-13,Mobile Suit Gundam Unicorn,UC,22000,PG
Unicorn Gundam 02 Banshee Norn,2015-09-30,Mobile Suit Gundam Unicorn,UC,24200,PG
Sinanju (RG),2016-08-06,Mobile Suit Gundam Unicorn,UC,4180,RG
Unicorn Gundam (RG),2017-08-05,Mobile Suit Gundam Unicorn,UC,4180,RG
Unicorn Gundam 02 Banshee Norn (RG),2018-02-17,Mobile Suit Gundam Unicorn,UC,4400,RG
Full Armor Unicorn Gundam (RG),2018-12-22,Mobile Suit Gundam Unicorn,UC,5940,RG
Unicorn Gundam (SD),2010-02-25,Mobile Suit Gundam Unicorn,UC,1100,SD
Sinanju (SD),2011-03-05,Mobile Suit Gundam Unicorn,UC,1100,SD
Kshatriya (SD),2011-06-27,Mobile Suit Gundam Unicorn,UC,1100,SD
Delta Plus (SD),2013-02-09,Mobile Suit Gundam Unicorn,UC,1320,SD
Unicorn Gundam 02 Banshee (SD),2013-03-09,Mobile Suit Gundam Unicorn,UC,1320,SD
Full Armor Unicorn Gundam (SD),2014-04-19,Mobile Suit Gundam Unicorn,UC,1650,SD
Unicorn Gundam 02 Banshee Norn (SD),2014-05-17,Mobile Suit Gundam Unicorn,UC,1320,SD
Neo Zeong (SD),2014-06-07,Mobile Suit Gundam Unicorn,UC,2200,SD
Unicorn Gundam Destory Mode (SD),2019-08-03,Mobile Suit Gundam Unicorn,UC,1100,SD
Banshee & Norn Parts (SD),2023-07-15,Mobile Suit Gundam Unicorn,UC,2200,SD
Unicorn Gundam [Destroy Mode] (SD),2015-11,Mobile Suit Gundam Unicorn,UC,660,SD
Sinanju (SD),2017-03-18,Mobile Suit Gundam Unicorn,UC,660,SD
Banshee Norn [Destroy Mode] (SD),2017-03-18,Mobile Suit Gundam Unicorn,UC,660,SD
Silver Bullet (HG),2014-01-25,Mobile Suit Gundam Unicorn - Bande Desinee,UC,2420,HG
Gundam Delta Kai (HG),2012-12-08,Mobile Suit Gundam Unicorn (video game),UC,2860,HG
Sinanju Stein (Ver. Ka) (MG),2013-02-23,Mobile Suit Gundam Unicorn (video game),UC,7700,MG
Wing Gundam (HG),2013-09-14,Mobile Suit Gundam Wing,AC,1650,HG
Wing Gundam Zero (HG),2014-03-08,Mobile Suit Gundam Wing,AC,1760,HG
Leo (HG),2018-05-11,Mobile Suit Gundam Wing,AC,1100,HG
Maganac (HG),2019-04-20,Mobile Suit Gundam Wing,AC,1320,HG
Gundam Sandrock (HG),2019-09-14,Mobile Suit Gundam Wing,AC,1650,HG
Gundam Heavyarms (HG),2020-10-24,Mobile Suit Gundam Wing,AC,1650,HG
Gundam Deathscythe (HG),2021-05-22,Mobile Suit Gundam Wing,AC,1650,HG
Shenlong Gundam (HG),2022-09-10,Mobile Suit Gundam Wing,AC,1650,HG
Wing Gundam Ver. Ka (MG),2004-03,Mobile Suit Gundam Wing,AC,3850,MG
Wing Gundam Zero (MG),2004-10,Mobile Suit Gundam Wing,AC,4180,MG
Wing Gundam (MG),2010-04-28,Mobile Suit Gundam Wing,AC,4400,MG
Wing Gundam (RG),2021-06-19,Mobile Suit Gundam Wing,AC,3520,RG
Gundam Epyon (RG),2023-09-30,Mobile Suit Gundam Wing,AC,4620,RG
Wing Gundam (SD),1995-07,Mobile Suit Gundam Wing,AC,880,SD
Shenlong Gundam (SD),1995-08-01,Mobile Suit Gundam Wing,AC,880,SD
Wing Gundam Zero (SD),1995-11-21,Mobile Suit Gundam Wing,AC,880,SD
Gundam Epyon (SD),1995-11,Mobile Suit Gundam Wing,AC,880,SD
Wing Gundam Zero Custom (SD),2000-03,Mobile Suit Gundam Wing,AC,550,SD
Wing Gundam Zero EW (SD),2015-10,Mobile Suit Gundam Wing,AC,660,SD
Gundam Deathscythe Hell (SD),2017-03-18,Mobile Suit Gundam Wing,AC,660,SD
Wing Gundam Zero (SD),2021-09-25,Mobile Suit Gundam Wing,AC,660,SD
Wing Gundam (SD),2000-03,Mobile Suit Gundam Wing,AC,550,SD
Gundam Deathscythe (SD),2000-03,Mobile Suit Gundam Wing,AC,440,SD
Gundam Heavyarms (SD),2000-03,Mobile Suit Gundam Wing,AC,440,SD
Gundam Sandrock (SD),2000-03,Mobile Suit Gundam Wing,AC,440,SD
Shenlong Gundam (SD),2000-03,Mobile Suit Gundam Wing,AC,440,SD
Wing Gundam Zero (SD),2000-04,Mobile Suit Gundam Wing,AC,550,SD
Gundam Epyon (SD),2000-06,Mobile Suit Gundam Wing,AC,440,SD
Tallgeese (SD),2000-08,Mobile Suit Gundam Wing,AC,440,SD
Maganac (SD),2000-12,Mobile Suit Gundam Wing,AC,440,SD
Tallgeese EW (MG),2013-01-26,Mobile Suit Gundam Wing Endless Waltz: Glory of the Losers,AC,4180,MG
Wing Gundam EW (RG),2016-01-09,Mobile Suit Gundam Wing Endless Waltz: Glory of the Losers,AC,2750,RG
Tallgeese EW (RG),2018-04-28,Mobile Suit Gundam Wing Endless Waltz: Glory of the Losers,AC,2750,RG
Gundam Deathscythe EW (MG),2010-09-24,Mobile Suit Gundam Wing: Endless Waltz,AC,4180,MG
Gundam Deathscythe Hell (MG),2011-02-26,Mobile Suit Gundam Wing: Endless Waltz,AC,4950,MG
Shenlong Gundam EW (MG),2011-03-26,Mobile Suit Gundam Wing: Endless Waltz,AC,4180,MG
Wing Gundam EW (MG),2011-03-26,Mobile Suit Gundam Wing: Endless Waltz,AC,3850,MG
Gundam Sandrock EW (MG),2011-10-29,Mobile Suit Gundam Wing: Endless Waltz,AC,4180,MG
Gundam Heavyarms EW (MG),2012-01-28,Mobile Suit Gundam Wing: Endless Waltz,AC,4180,MG
Wing Gundam Proto Zero EW (MG),2013-10-26,Mobile Suit Gundam Wing: Endless Waltz,AC,5280,MG
Wing Gundam Zero EW (Ver. Ka) (MG),2020-11-28,Mobile Suit Gundam Wing: Endless Waltz,AC,6050,MG
Wing Gundam Zero Custom,2000-11-23,Mobile Suit Gundam Wing: Endless Waltz,AC,16500,PG
Wing Gundam Zero EW (RG),2014-12-26,Mobile Suit Gundam Wing: Endless Waltz,AC,2750,RG
Wing Gundam Endless Waltz Version (SD),2011-06-11,Mobile Suit Gundam Wing: Endless Waltz,AC,880,SD
Wing Gundam Zero EW (SD),2019-11-09,Mobile Suit Gundam Wing: Endless Waltz,AC,1100,SD
Gundam Epyon EW (MG),2011-06-25,Mobile Suit Gundam Wing: Frozen Teardrop,AC,5280,MG
Gundam Geminass 01 (SD),2000-02,Mobile Suit Gundam Wing: G-Unit,AC,440,SD
Gundam Aquarius (SD),2000-09,Mobile Suit Gundam Wing: G-Unit,AC,440,SD
Zaku III Custom (HG),1999-08-20,Mobile Suit Gundam ZZ,UC,1650,HG
Qubeley Mk-II (HG),2000-06,Mobile Suit Gundam ZZ,UC,1650,HG
Zaku III (HG),2000-09,Mobile Suit Gundam ZZ,UC,1650,HG
Bawoo (HG),2000-09,Mobile Suit Gundam ZZ,UC,1320,HG
Bawoo (Mass Production) (HG),2002-06,Mobile Suit Gundam ZZ,UC,1320,HG
Schuzrum Dias (HG),2009-04-02,Mobile Suit Gundam ZZ,UC,1870,HG
EWAC Zack (HG),2009-06,Mobile Suit Gundam ZZ,UC,1760,HG
ZZ Gundam (HG),2010-06-09,Mobile Suit Gundam ZZ,UC,2530,HG
GM III (HG),2011-07-09,Mobile Suit Gundam ZZ,UC,1650,HG
Zaku Mariner (HG),2012-07-14,Mobile Suit Gundam ZZ,UC,1540,HG
Dreissen (HG),2014-02-22,Mobile Suit Gundam ZZ,UC,2200,HG
Döven Wolf (HG),2014-02-22,Mobile Suit Gundam ZZ,UC,2420,HG
R-Jarja (HG),2019-01-12,Mobile Suit Gundam ZZ,UC,2090,HG
ZZ Gundam (MG),1999-12,Mobile Suit Gundam ZZ,UC,4400,MG
Full Armor ZZ Gundam (MG),2000-08,Mobile Suit Gundam ZZ,UC,6600,MG
Qubeley Mk-II (Ple Two Custom) (MG),2004-02,Mobile Suit Gundam ZZ,UC,4400,MG
Qubeley Mk-II (Elpeo Ple Custom) (MG),2009-11-12,Mobile Suit Gundam ZZ,UC,4400,MG
ZZ Gundam (Ver. Ka) (MG),2017-09-23,Mobile Suit Gundam ZZ,UC,6600,MG
Bawoo,2016-11-26,Mobile Suit Gundam ZZ,UC,3850,RE
Hamma-Hamma,2017-07-22,Mobile Suit Gundam ZZ,UC,4950,RE
Zetaman 2 (SD),1987-05,Mobile Suit Gundam ZZ,UC,330,SD
Zaku III (SD),1988-08-25,Mobile Suit Gundam ZZ,UC,330,SD
Full Armor ZZ Gundam (SD),1988-11-25,Mobile Suit Gundam ZZ,UC,330,SD
ZZ Gundam (SD),2000-10,Mobile Suit Gundam ZZ,UC,880,SD
Zaku III Custom (SD),1988,Mobile Suit Gundam ZZ,UC,440,SD
ZZ Gundam & Mega Rider (SD),1988,Mobile Suit Gundam ZZ,UC,440,SD
Queen Mansa (SD),2000-11,Mobile Suit Gundam ZZ,UC,440,SD
"Gelgoog, Gelgoog Cannon (HG)",2007-03,"Mobile Suit Gundam, Mobile Suit Variations",UC,1760,HG
Hi-Nu Gundam (HG),2009-06,Mobile Suit Gundam: Beltorchika’s Children,UC,2420,HG
Nightingale (HG),2021-07-22,Mobile Suit Gundam: Beltorchika’s Children,UC,7700,HG
Hi-Nu Gundam (MG),2007-02,Mobile Suit Gundam: Beltorchika’s Children,UC,7700,MG
Hi-Nu Gundam (Ver. Ka) (MG),2014-08-30,Mobile Suit Gundam: Beltorchika’s Children,UC,7700,MG
Nightingale,2014-09-13,Mobile Suit Gundam: Beltorchika’s Children,UC,8800,RE
Hi-Nu Gundam (RG),2021-09-11,Mobile Suit Gundam: Beltorchika’s Children,UC,4950,RG
Hi-Nu Gundam (SD),2013-07-13,Mobile Suit Gundam: Beltorchika’s Children,UC,1320,SD
Nightingale (SD),2018-06-30,Mobile Suit Gundam: Beltorchika’s Children,UC,1540,SD
Jagd Doga (Gyunei Guss Custom) (HG),2007-10,Mobile Suit Gundam: Char’s Counterattack,UC,2420,HG
Jagd Doga (Quess Paraya Custom) (HG),2007-10,Mobile Suit Gundam: Char’s Counterattack,UC,2420,HG
Re-GZ (HG),2008-01,Mobile Suit Gundam: Char’s Counterattack,UC,3080,HG
Nu Gundam (HG),2008-03,Mobile Suit Gundam: Char’s Counterattack,UC,2750,HG
Sazabi (HG),2008-06-28,Mobile Suit Gundam: Char’s Counterattack,UC,3080,HG
Geara Doga (HG),2008-11,Mobile Suit Gundam: Char’s Counterattack,UC,1980,HG
Geara Doga (Rezin Schnyder Custom) (HG),2009-01-17,Mobile Suit Gundam: Char’s Counterattack,UC,1980,HG
Jegan (HG),2009-08-07,Mobile Suit Gundam: Char’s Counterattack,UC,1650,HG
Sazabi (MG),2000-07,Mobile Suit Gundam: Char’s Counterattack,UC,8800,MG
Nu Gundam (MG),2000-12,Mobile Suit Gundam: Char’s Counterattack,UC,5500,MG
Re-GZ (MG),2001-06,Mobile Suit Gundam: Char’s Counterattack,UC,4400,MG
Nu Gundam (Ver. Ka) (MG),2012-12-15,Mobile Suit Gundam: Char’s Counterattack,UC,7700,MG
Geara Doga (MG),2013-07-20,Mobile Suit Gundam: Char’s Counterattack,UC,5280,MG
Sazabi (Ver. Ka) (MG),2013-12-14,Mobile Suit Gundam: Char’s Counterattack,UC,9900,MG
Jegan (MG),2018-07-14,Mobile Suit Gundam: Char’s Counterattack,UC,4400,MG
Jagd Doga (Gyunei Guss Custom),2018-09-22,Mobile Suit Gundam: Char’s Counterattack,UC,4950,RE
Sazabi (RG),2018-08-11,Mobile Suit Gundam: Char’s Counterattack,UC,4950,RG
Nu Gundam (RG),2019-08-10,Mobile Suit Gundam: Char’s Counterattack,UC,4620,RG
Nu Gundam (SD),1988-05-15,Mobile Suit Gundam: Char’s Counterattack,UC,330,SD
Sazabi (SD),1988-05-15,Mobile Suit Gundam: Char’s Counterattack,UC,330,SD
Jagd-Doga (SD),1988-05-15,Mobile Suit Gundam: Char’s Counterattack,UC,330,SD
Jegan (SD),1988-06-15,Mobile Suit Gundam: Char’s Counterattack,UC,330,SD
Re-GZ (SD),1988-07-15,Mobile Suit Gundam: Char’s Counterattack,UC,330,SD
Geara Doga (SD),1988-07-15,Mobile Suit Gundam: Char’s Counterattack,UC,330,SD
Nu Gundam (SD),2000-08,Mobile Suit Gundam: Char’s Counterattack,UC,550,SD
Sazabi (SD),2013-05-25,Mobile Suit Gundam: Char’s Counterattack,UC,1100,SD
Nu Gundam (Revive) (SD),2014-01-31,Mobile Suit Gundam: Char’s Counterattack,UC,1320,SD
Nu Gundam (SD),2020-12-12,Mobile Suit Gundam: Char’s Counterattack,UC,660,SD
Sazabi (SD),2020-12-12,Mobile Suit Gundam: Char’s Counterattack,UC,660,SD
Nu Gundam (SD),1988,Mobile Suit Gundam: Char’s Counterattack,UC,440,SD
Sazabi (SD),1988,Mobile Suit Gundam: Char’s Counterattack,UC,440,SD
Jagd-Doga (SD),1988,Mobile Suit Gundam: Char’s Counterattack,UC,440,SD
Jegan (SD),1988,Mobile Suit Gundam: Char’s Counterattack,UC,440,SD
Re-GZ Custom (SD),1988,Mobile Suit Gundam: Char’s Counterattack,UC,440,SD
Geara-Doga Custom (SD),1988,Mobile Suit Gundam: Char’s Counterattack,UC,440,SD
Extreme Gundam (HG),2011-02-19,Mobile Suit Gundam: Extreme VS.,UC,1760,HG
Casval’s Gundam (1.5) (MG),2002-08,Mobile Suit Gundam: Gihren’s Greed,UC,3300,MG
Gundam Gerbera,2015-04-29,Mobile Suit Gundam: Gihren’s Greed,UC,3850,RE
Gundam GP04 (SD),2000-10,Mobile Suit Gundam: Gihren’s Greed,UC,440,SD
Penelope (HG),2019-10-26,Mobile Suit Gundam: Hathaway’s Flash,UC,7480,HG
Messer Type-F01 (HG),2020-07-04,Mobile Suit Gundam: Hathaway’s Flash,UC,2750,HG
Xi Gundam (HG),2021-04-24,Mobile Suit Gundam: Hathaway’s Flash,UC,6600,HG
Xi Gundam (SD),2013-12-07,Mobile Suit Gundam: Hathaway’s Flash,UC,1650,SD
Gundam Barbatos (HG),2015-10-03,Mobile Suit Gundam: Iron Blooded Orphans,PD,1100,HG
Graze Standard Type/Commander Type (HG),2015-10-10,Mobile Suit Gundam: Iron Blooded Orphans,PD,1100,HG
Schwalbe Graze (McGillis Fareed Custom) (HG),2015-10-17,Mobile Suit Gundam: Iron Blooded Orphans,PD,1100,HG
Graze Kai (HG),2015-11-17,Mobile Suit Gundam: Iron Blooded Orphans,PD,1100,HG
Hyakuri (HG),2015-11-14,Mobile Suit Gundam: Iron Blooded Orphans,PD,1320,HG
Hyakuren (HG),2015-11-14,Mobile Suit Gundam: Iron Blooded Orphans,PD,1100,HG
Gundam Barbatos + Long Distance Transport Booster Kutan Type-III (HG),2015-12-12,Mobile Suit Gundam: Iron Blooded Orphans,PD,5500,HG
Man Rodi (HG),2015-12-12,Mobile Suit Gundam: Iron Blooded Orphans,PD,1100,HG
Gundam Gusion (HG),2015-12-12,Mobile Suit Gundam: Iron Blooded Orphans,PD,1320,HG
Hyakuren Amida Custom (HG),2015-12-12,Mobile Suit Gundam: Iron Blooded Orphans,PD,1320,HG
Gundam Kimaris (HG),2016-01-16,Mobile Suit Gundam: Iron Blooded Orphans,PD,1320,HG
Ryusei-Go (Graze Custom II) (HG),2016-01-30,Mobile Suit Gundam: Iron Blooded Orphans,PD,1320,HG
Gundam Gusion Rebake (HG),2016-01-30,Mobile Suit Gundam: Iron Blooded Orphans,PD,1320,HG
Grimgerde (HG),2016-02-13,Mobile Suit Gundam: Iron Blooded Orphans,PD,1320,HG
Gundam Barbatos 6th Form (HG),2016-02-27,Mobile Suit Gundam: Iron Blooded Orphans,PD,1540,HG
Gundam Kimaris Trooper (HG),2016-03-12,Mobile Suit Gundam: Iron Blooded Orphans,PD,1540,HG
Graze Ritter (HG),2016-03-12,Mobile Suit Gundam: Iron Blooded Orphans,PD,1320,HG
Graze Ein (HG),2016-04-09,Mobile Suit Gundam: Iron Blooded Orphans,PD,1540,HG
Gundam Barbatos Lupus (HG),2016-03-13,Mobile Suit Gundam: Iron Blooded Orphans,PD,1100,HG
Hugo (HG),2016-10-08,Mobile Suit Gundam: Iron Blooded Orphans,PD,1320,HG
Gundam Gusion Rebake Full City (HG),2016-10-22,Mobile Suit Gundam: Iron Blooded Orphans,PD,1320,HG
Reginlaze (Julietta’s Unit) (HG),2016-10-29,Mobile Suit Gundam: Iron Blooded Orphans,PD,1320,HG
Io Frame Shiden (HG),2016-12-11,Mobile Suit Gundam: Iron Blooded Orphans,PD,1320,HG
Geirail (HG),2016-12-11,Mobile Suit Gundam: Iron Blooded Orphans,PD,1100,HG
Gundam Vidar (HG),2016-12-01,Mobile Suit Gundam: Iron Blooded Orphans,PD,1320,HG
Gundam Flauros “Ryusei-Go” (HG),2016-12-10,Mobile Suit Gundam: Iron Blooded Orphans,PD,1540,HG
Mobile Armor Hashmal (HG),2016-12-16,Mobile Suit Gundam: Iron Blooded Orphans,PD,4180,HG
Hekija (HG),2017-01-14,Mobile Suit Gundam: Iron Blooded Orphans,PD,1100,HG
Helmwige Reincar (HG),2017-01-28,Mobile Suit Gundam: Iron Blooded Orphans,PD,1320,HG
Rouei (HG),2017-01-28,Mobile Suit Gundam: Iron Blooded Orphans,PD,1320,HG
Gundam Barbatos Lupus Rex (HG),2017-02-11,Mobile Suit Gundam: Iron Blooded Orphans,PD,1540,HG
Reginlaze Julia (HG),2017-02-18,Mobile Suit Gundam: Iron Blooded Orphans,PD,1540,HG
Gundam Kimaris Vidar (HG),2017-03-04,Mobile Suit Gundam: Iron Blooded Orphans,PD,1540,HG
Gundam Bael (HG),2017-03-11,Mobile Suit Gundam: Iron Blooded Orphans,PD,1540,HG
Gundam Barbatos (FM),2015-11-28,Mobile Suit Gundam: Iron Blooded Orphans,PD,2750,FM
Graze Standard Type/Commander Type (FM),2015-12-19,Mobile Suit Gundam: Iron Blooded Orphans,PD,3300,FM
McGillis’ Schwalbe Graze (FM),2016-01-23,Mobile Suit Gundam: Iron Blooded Orphans,PD,3300,FM
Gundam Gusion/Rebake (FM),2016-02-20,Mobile Suit Gundam: Iron Blooded Orphans,PD,5500,FM
Gundam Barbatos 6th form (FM),2016-03-19,Mobile Suit Gundam: Iron Blooded Orphans,PD,3300,FM
Gundam Kimaris Booster Unit Type (FM),2016-03-19,Mobile Suit Gundam: Iron Blooded Orphans,PD,3300,FM
Grimgerde (FM),2016-04-23,Mobile Suit Gundam: Iron Blooded Orphans,PD,2750,FM
Graze Custom (FM),2016-06-11,Mobile Suit Gundam: Iron Blooded Orphans,PD,3300,FM
Gundam Kimaris Trooper (FM),2016-07-09,Mobile Suit Gundam: Iron Blooded Orphans,PD,3300,FM
Gundam Barbatos Lupus (FM),2016-11-19,Mobile Suit Gundam: Iron Blooded Orphans,PD,3300,FM
Gundam Vidar (FM),2016-12-23,Mobile Suit Gundam: Iron Blooded Orphans,PD,3300,FM
Gundam Barbatos Lupus Rex (FM),2017-02-18,Mobile Suit Gundam: Iron Blooded Orphans,PD,3520,FM
Gundam Bael (FM),2017-03-25,Mobile Suit Gundam: Iron Blooded Orphans,PD,3520,FM
Gundam Barbatos (MG),2019-12-21,Mobile Suit Gundam: Iron Blooded Orphans,PD,4950,MG
Gundam Barbatos DX (SD),2016-08-20,Mobile Suit Gundam: Iron Blooded Orphans,PD,1320,SD
Gundam Barbatos Lupus DX (SD),2017-01-21,Mobile Suit Gundam: Iron Blooded Orphans,PD,1320,SD
Barbatos Lupus Rex (SD),2020-04-18,Mobile Suit Gundam: Iron Blooded Orphans,PD,1540,SD
Gundam Barbatos (SD),2016-05-28,Mobile Suit Gundam: Iron Blooded Orphans,PD,660,SD
Gundam Barbatos Lupus (SD),2016-12-03,Mobile Suit Gundam: Iron Blooded Orphans,PD,660,SD
Gundam Astaroth (HG),2016-03-13,Mobile Suit Gundam: Iron Blooded Orphans Gekko,PD,1100,HG
Gundam Astaroth Origin (HG),2016-08-27,Mobile Suit Gundam: Iron Blooded Orphans Gekko,PD,1540,HG
Gundam Vual (HG),2017-04-08,Mobile Suit Gundam: Iron Blooded Orphans Gekko,PD,1540,HG
Gundam Astaroth Rinascimento (HG),2017-07-15,Mobile Suit Gundam: Iron Blooded Orphans Gekko,PD,1980,HG
Gundam Gremory (HG),2021-10-16,Mobile Suit Gundam: Iron Blooded Orphans Gekko,PD,1980,HG
Sigrún (HG),2022-06-18,Mobile Suit Gundam: Iron Blooded Orphans MSV,PD,1760,HG
Gundam Marchosias (HG),2020-03-07,Mobile Suit Gundam: Iron Blooded Orphans Urdr-Hunt,PD,2420,HG
Gundam Hajiroboshi (HG),2020-08-22,Mobile Suit Gundam: Iron Blooded Orphans Urdr-Hunt,PD,1650,HG
Gundam Asmoday (HG),2022-04-16,Mobile Suit Gundam: Iron Blooded Orphans Urdr-Hunt,PD,2090,HG
Schwalbe Custom (HG),2022-05-21,Mobile Suit Gundam: Iron Blooded Orphans Urdr-Hunt,PD,1760,HG
Gundam Ground Type (HG),2007-06-15,Mobile Suit Gundam: The 08th MS Team,UC,1650,HG
Gouf Custom (HG),2010-11-07,Mobile Suit Gundam: The 08th MS Team,UC,1760,HG
Gundam Ez8 (HG),2013-04-13,Mobile Suit Gundam: The 08th MS Team,UC,1760,HG
GM Ground Type (HG),2017-01-21,Mobile Suit Gundam: The 08th MS Team,UC,1650,HG
Gundam Ground Type (HG),2018-04-21,Mobile Suit Gundam: The 08th MS Team,UC,1870,HG
Gundam Ground Type (MG),2000-05,Mobile Suit Gundam: The 08th MS Team,UC,3300,MG
Gundam Ez8 (MG),2000-10,Mobile Suit Gundam: The 08th MS Team,UC,3300,MG
Gouf Custom (MG),2001-02,Mobile Suit Gundam: The 08th MS Team,UC,3300,MG
GM Ground Type (MG),2001-07,Mobile Suit Gundam: The 08th MS Team,UC,3300,MG
Ball Type K (MG),2005-05,Mobile Suit Gundam: The 08th MS Team,UC,2640,MG
GM Sniper (MG),2006-11-30,Mobile Suit Gundam: The 08th MS Team,UC,3850,MG
Gundam Ground Type (SD),2019-05-18,Mobile Suit Gundam: The 08th MS Team,UC,1100,SD
Gouf Custom (SD),2000-02,Mobile Suit Gundam: The 08th MS Team,UC,440,SD
Gundam Ez-8 (SD),2000-04,Mobile Suit Gundam: The 08th MS Team,UC,440,SD
Char’s Zaku II (HG),2015-04-30,Mobile Suit Gundam: The Origin,UC,1870,HG
Guntank Early Type (HG),2015-05-13,Mobile Suit Gundam: The Origin,UC,1870,HG
Zaku II High Mobility Type (Gaia/Mash Custom) (HG),2015-06-30,Mobile Suit Gundam: The Origin,UC,2200,HG
Zaku II High Mobility Type (Ortega Custom) (HG),2015-11-19,Mobile Suit Gundam: The Origin,UC,2420,HG
Mobile Worker Model 01 Late Type (Mash) (HG),2015-10-29,Mobile Suit Gundam: The Origin,UC,1980,HG
Waff (HG),2016-04-30,Mobile Suit Gundam: The Origin,UC,1870,HG
Zaku I (Denim/Slender Unit) (HG),2016-05-21,Mobile Suit Gundam: The Origin,UC,1870,HG
Guncannon First Type (Iron Cavalry Squadron) (HG),2016-11-19,Mobile Suit Gundam: The Origin,UC,1980,HG
Bugu (Ramba Ral Custom) (HG),2016-12-03,Mobile Suit Gundam: The Origin,UC,1870,HG
Zaku I Char Aznable Custom (HG),2016-12-10,Mobile Suit Gundam: The Origin,UC,1870,HG
Zaku I (Char Aznable) (HG),2017-03,Mobile Suit Gundam: The Origin,UC,1870,HG
Zaku II Type C/Type C-5 (HG),2017-11-02,Mobile Suit Gundam: The Origin,UC,1980,HG
Zaku I (Kycilia’s Forces) (HG),2017-11-03,Mobile Suit Gundam: The Origin,UC,1870,HG
Char’s Zaku II (Red Comet version) (HG),2019-04-27,Mobile Suit Gundam: The Origin,UC,1980,HG
Zaku II Type C-6/R6 (HG),2019-04-27,Mobile Suit Gundam: The Origin,UC,1980,HG
Gundam (HG),2020-03-14,Mobile Suit Gundam: The Origin,UC,2530,HG
Gundam The Origin (MG),2015-11-21,Mobile Suit Gundam: The Origin,UC,4950,MG
Gundam Local Type (North American Type) (HG),2017-10-07,Mobile Suit Gundam: The Origin MSD Cucuruz Doan's Island,UC,2200,HG
Gundam FSD (HG),2018-04-07,Mobile Suit Gundam: The Origin MSD Cucuruz Doan's Island,UC,2420,HG
Gundam Aerial (HG),2022-10-01,Mobile Suit Gundam: The Witch from Mercury,AS,1430,HG
Guel’s Dilanza (HG),2022-10-08,Mobile Suit Gundam: The Witch from Mercury,AS,1760,HG
Dilanza Standard Type/Lauda’s Dilanza (HG),2022-11-05,Mobile Suit Gundam: The Witch from Mercury,AS,1760,HG
Chuchu’s Demi Trainer (HG),2022-11-05,Mobile Suit Gundam: The Witch from Mercury,AS,1540,HG
Gundam Pharact (HG),2022-12-17,Mobile Suit Gundam: The Witch from Mercury,AS,2090,HG
Demi Trainer (HG),2022-12-10,Mobile Suit Gundam: The Witch from Mercury,AS,1320,HG
Darilbalde (HG),2022-12-03,Mobile Suit Gundam: The Witch from Mercury,AS,2090,HG
Demi Trainer Expansion Set (HG),2022-12-10,Mobile Suit Gundam: The Witch from Mercury,AS,880,HG
Michaelis (HG),2023-01-14,Mobile Suit Gundam: The Witch from Mercury,AS,1760,HG
Beguir-Pente (HG),2023-01-14,Mobile Suit Gundam: The Witch from Mercury,AS,1760,HG
Mirasoul Flight Unit (HG),2023-01-14,Mobile Suit Gundam: The Witch from Mercury,AS,880,HG
Zowort (HG),2023-02-11,Mobile Suit Gundam: The Witch from Mercury,AS,1760,HG
Tickbalang (HG),2023-02-11,Mobile Suit Gundam: The Witch from Mercury,AS,1430,HG
Heindree (HG),2023-02-18,Mobile Suit Gundam: The Witch from Mercury,AS,1760,HG
Gundam Lfrith Ur (HG),2023-03-04,Mobile Suit Gundam: The Witch from Mercury,AS,2090,HG
Gundam Lfrith Thorn (HG),2023-03-18,Mobile Suit Gundam: The Witch from Mercury,AS,1760,HG
Gundam Aerial Rebuild (HG),2023-03-18,Mobile Suit Gundam: The Witch from Mercury,AS,1870,HG
Zowort Heavy (HG),2023-04-08,Mobile Suit Gundam: The Witch from Mercury,AS,1760,HG
Dilanza Sol (HG),2023-04-08,Mobile Suit Gundam: The Witch from Mercury,AS,1760,HG
Heindree Sturm (HG),2023-05-20,Mobile Suit Gundam: The Witch from Mercury,AS,1760,HG
Demi Barding (HG),2023-06-10,Mobile Suit Gundam: The Witch from Mercury,AS,2090,HG
Gundvölva (HG),2023-06-10,Mobile Suit Gundam: The Witch from Mercury,AS,1540,HG
Gundam Schwarzette (HG),2023-07-08,Mobile Suit Gundam: The Witch from Mercury,AS,2090,HG
Gundam Calibarn (HG),2023-07-15,Mobile Suit Gundam: The Witch from Mercury,AS,2200,HG
Gundam Calibarn (SD),2024-06-29,Mobile Suit Gundam: The Witch from Mercury,AS,1980,SD
Gundam Aerial (SD),2022-10-15,Mobile Suit Gundam: The Witch from Mercury,AS,660,SD
Gundam Lfrith (HG),2022-08-06,Mobile Suit Gundam: The Witch from Mercury Prologue,AS,1760,HG
Beguir-Beu (HG),2022-08-06,Mobile Suit Gundam: The Witch from Mercury Prologue,AS,1760,HG
Moon Gundam (HG),2018-09-22,Mobile Suit Moon Gundam,,3300,HG
Zaku II Type FS (Garma Zabi Custom) (HG),2002-09-20,Mobile Suit Variation,UC,1100,HG
Zaku I (Black Tri-Stars Type) (HG),2006-08-27,Mobile Suit Variation,UC,1100,HG
Zaku II High Mobility Type (Black Tri-Stars Custom) (HG),2013-02-16,Mobile Suit Variation,UC,1760,HG
Zaku II High Mobility Type (Shin Matsunaga Custom) (HG),2013-03-09,Mobile Suit Variation,UC,1760,HG
Zaku II High Mobility Type (Johnny Ridden Custom) (HG),2013-11-30,Mobile Suit Variation,UC,1980,HG
Zaku II High Mobility Type (Shin Matsunaga) (MG),1996-06,Mobile Suit Variation,UC,3080,MG
Zaku II High Mobility Type(Johnny Ridden) (MG),1996-06,Mobile Suit Variation,UC,3080,MG
Gelgoog Cannon (Johnny Ridden Custom) (MG),1997-03,Mobile Suit Variation,UC,3300,MG
Zaku I (Black Tri-Stars) (MG),1999-05,Mobile Suit Variation,UC,2750,MG
Zaku II High Mobility Type (Black Tri-Stars) (MG),1999-06,Mobile Suit Variation,UC,3300,MG
Zaku I (Ramba Ral Custom) (MG),2000-09,Mobile Suit Variation,UC,2750,MG
Zaku II High Mobility Type (Black Tri-Stars) (2.0) (MG),2008-01,Mobile Suit Variation,UC,4950,MG
Zaku Minelayer (MG),2008-03,Mobile Suit Variation,UC,4950,MG
Zaku Cannon (MG),2008-08-23,Mobile Suit Variation,UC,4950,MG
Zaku II High Mobility Type (Johnny Ridden Custom) (2.0) (MG),2008-09-13,Mobile Suit Variation,UC,4950,MG
Zaku II High Mobility Type (Shin Matsunaga Custom) (2.0) (MG),2008-11-16,Mobile Suit Variation,UC,4950,MG
Full Armor Gundam (MG),2010-06-26,Mobile Suit Variation,UC,5500,MG
GM Sniper Custom (MG),2017-11-11,Mobile Suit Variation,UC,4400,MG
Zaku II High Mobility Type (Johnny Ridden Custom) (RG),2016-11-18,Mobile Suit Variation,UC,3300,RG
Johnny Ridden’s Zaku II (SD),1989-07-20,Mobile Suit Variation,UC,330,SD
Full Armor Gundam (SD),2003-06,Mobile Suit Variation,UC,1100,SD
Johnny Ridden’s Gelgoog (SD),1988,Mobile Suit Variation,UC,440,SD
Victory Gundam (HG),2013-11-21,Mobile Suit Victory Gundam,UC,1320,HG
Victory 2 Gundam (HG),2014-01-25,Mobile Suit Victory Gundam,UC,1430,HG
V-Dash Gundam (HG),2015-03-14,Mobile Suit Victory Gundam,UC,1980,HG
V2 Assault-Buster Gundam (HG),2015-05-23,Mobile Suit Victory Gundam,UC,2200,HG
Victory Gundam (Ver. Ka) (MG),2009-12-19,Mobile Suit Victory Gundam,UC,4180,MG
Core Booster (Ver. Ka) (MG),2010-07-24,Mobile Suit Victory Gundam,UC,2420,MG
V-Dash Gundam (Ver. Ka) (MG),2010-07-22,Mobile Suit Victory Gundam,UC,6380,MG
V2 Gundam Ver. Ka (MG),2015-12-26,Mobile Suit Victory Gundam,UC,4950,MG
Gun-EZ,2018-12-29,Mobile Suit Victory Gundam,UC,3850,RE
V Dash Gundam (SD),1994-03-01,Mobile Suit Victory Gundam,UC,550,SD
V2 Assault Buster Gundam (SD),1994-05-01,Mobile Suit Victory Gundam,UC,880,SD
V Gundam (SD),1999-11,Mobile Suit Victory Gundam,UC,550,SD
V2 Gundam (SD),1999-11,Mobile Suit Victory Gundam,UC,880,SD
Qubeley (HG),1999-09-17,Mobile Suit Zeta Gundam,UC,1650,HG
Hyaku Shiki (HG),1999-10-22,Mobile Suit Zeta Gundam,UC,1650,HG
Rick Dias (HG),2000-06,Mobile Suit Zeta Gundam,UC,1320,HG
Hi-Zack (HG),2000-06,Mobile Suit Zeta Gundam,UC,1100,HG
Gundam Mk-II (Titans) (HG),2002-05-17,Mobile Suit Zeta Gundam,UC,1100,HG
Rick Dias (Quattro Bajeena Custom) (HG),2002-08,Mobile Suit Zeta Gundam,UC,1320,HG
Super Gundam (HG),2002-11,Mobile Suit Zeta Gundam,UC,2200,HG
The-O (HG),2002-12,Mobile Suit Zeta Gundam,UC,2640,HG
Zeta Gundam (HG),2003-10,Mobile Suit Zeta Gundam,UC,1760,HG
Gaplant (HG),2003-11,Mobile Suit Zeta Gundam,UC,2420,HG
Hyaku-Shiki + Mega Bazooka Launcher (HG),2004-07,Mobile Suit Zeta Gundam,UC,1980,HG
Psyco Gundam (HG),2004-08-20,Mobile Suit Zeta Gundam,UC,5500,HG
Marasai (HG),2005-01,Mobile Suit Zeta Gundam,UC,1540,HG
Gundam Mk-II + Flying Armor (HG),2005-01,Mobile Suit Zeta Gundam,UC,2200,HG
Asshimar (HG),2005-06,Mobile Suit Zeta Gundam,UC,2200,HG
Hi-Zack (Earth Federation) (HG),2005-06,Mobile Suit Zeta Gundam,UC,1100,HG
Gabthley (HG),2005-12,Mobile Suit Zeta Gundam,UC,1760,HG
Palace Athene (HG),2006-02,Mobile Suit Zeta Gundam,UC,1980,HG
Methuss (HG),2006-03,Mobile Suit Zeta Gundam,UC,1540,HG
Gaza-C (Haman Karn Custom) (HG),2006-04,Mobile Suit Zeta Gundam,UC,1540,HG
Gaza-C (HG),2006-04,Mobile Suit Zeta Gundam,UC,1650,HG
GM II (HG),2011-10-22,Mobile Suit Zeta Gundam,UC,1540,HG
Hambrabi (HG),2012-08-25,Mobile Suit Zeta Gundam,UC,1870,HG
Nemo (HG),2013-01-26,Mobile Suit Zeta Gundam,UC,1650,HG
Messala (HG),2013-06-15,Mobile Suit Zeta Gundam,UC,3300,HG
Gundam Mk-II [AEUG] (Revive) (HG),2015-11-28,Mobile Suit Zeta Gundam,UC,1650,HG
Gundam Mk-II [Titans] (Revive) (HG),2015-11-26,Mobile Suit Zeta Gundam,UC,1650,HG
Qubeley (Revive) (HG),2015-12-19,Mobile Suit Zeta Gundam,UC,1980,HG
Hyaku-Shiki (Revive) (HG),2016-08-11,Mobile Suit Zeta Gundam,UC,1980,HG
Zeta Gundam (Gunpla Evolution Project) (HG),2017-04-22,Mobile Suit Zeta Gundam,UC,1980,HG
Barzam (HG),2017-05-20,Mobile Suit Zeta Gundam,UC,1650,HG
Galbaldy ? (HG),2018-06-16,Mobile Suit Zeta Gundam,UC,1650,HG
Byarlant (HG),2018-07-07,Mobile Suit Zeta Gundam,UC,2860,HG
Dijeh (HG),2018-12-08,Mobile Suit Zeta Gundam,UC,2090,HG
Baund Doc (HG),2020-10-24,Mobile Suit Zeta Gundam,UC,5500,HG
Zeta Gundam (MG),1996-04-27,Mobile Suit Zeta Gundam,UC,3300,MG
Gundam Mk-II (AEUG) (MG),1998-07,Mobile Suit Zeta Gundam,UC,3080,MG
Gundam Mk-II (Titans) (MG),1998-08,Mobile Suit Zeta Gundam,UC,3080,MG
Super Gundam (MG),1998-12,Mobile Suit Zeta Gundam,UC,4400,MG
Hyaku-Shiki (MG),2001-03,Mobile Suit Zeta Gundam,UC,4950,MG
Qubeley (MG),2001-08,Mobile Suit Zeta Gundam,UC,4400,MG
Rick Dias (MG),2004-05,Mobile Suit Zeta Gundam,UC,3850,MG
Hi-Zack (MG),2004-08,Mobile Suit Zeta Gundam,UC,3300,MG
Rick Dias (Quattro Bajeena Custom) (MG),2004-12,Mobile Suit Zeta Gundam,UC,3960,MG
Hyaku-Shiki + Ballute System (MG),2005-09-17,Mobile Suit Zeta Gundam,UC,4400,MG
Gundam Mk-II (AEUG) (2.0) (MG),2005-10-21,Mobile Suit Zeta Gundam,UC,4400,MG
Zeta Gundam (2.0) (MG),2005-12-23,Mobile Suit Zeta Gundam,UC,5500,MG
Nemo (MG),2006-02-11,Mobile Suit Zeta Gundam,UC,3080,MG
Gundam Mk-II (Titans) (2.0) (MG),2006-03-25,Mobile Suit Zeta Gundam,UC,3850,MG
The-O (MG),2010-08-07,Mobile Suit Zeta Gundam,UC,13200,MG
Marasai (MG),2012-05-26,Mobile Suit Zeta Gundam,UC,4400,MG
Hyaku-Shiki (2.0) (MG),2015-05-30,Mobile Suit Zeta Gundam,UC,7480,MG
Zeta Gundam (Ver. Ka) (MG),2023-04-29,Mobile Suit Zeta Gundam,UC,7150,MG
Zeta Gundam,2000-03,Mobile Suit Zeta Gundam,UC,22000,PG
Gundam Mk-II (AEUG),2001-11,Mobile Suit Zeta Gundam,UC,16500,PG
Gundam Mk-II (Titans),2002-07,Mobile Suit Zeta Gundam,UC,16500,PG
Dijeh,2015-06-20,Mobile Suit Zeta Gundam,UC,3850,RE
Gundam Mk-II (Titans) (RG),2012-04-28,Mobile Suit Zeta Gundam,UC,2750,RG
Gundam Mk-II (AEUG) (RG),2012-05-15,Mobile Suit Zeta Gundam,UC,2750,RG
Zeta Gundam (RG),2012-11-23,Mobile Suit Zeta Gundam,UC,3300,RG
Zetaman (SD),1987-07,Mobile Suit Zeta Gundam,UC,330,SD
Gundam Mk II (SD),1988-08-25,Mobile Suit Zeta Gundam,UC,330,SD
Baund Doc (SD),1988-10-20,Mobile Suit Zeta Gundam,UC,330,SD
Zeta Gundam (SD),1999-08,Mobile Suit Zeta Gundam,UC,550,SD
The O (SD),2001-04,Mobile Suit Zeta Gundam,UC,880,SD
Gundam Mk II (Titans) (SD),2001-06,Mobile Suit Zeta Gundam,UC,550,SD
Super Gundam (SD),2001-12,Mobile Suit Zeta Gundam,UC,880,SD
Zeta Gundam (SD),2018-08-25,Mobile Suit Zeta Gundam,UC,1100,SD
Gates’ Bound Doc (SD),1988,Mobile Suit Zeta Gundam,UC,440,SD
Hyaku-Shiki (SD),2000-08,Mobile Suit Zeta Gundam,UC,440,SD
Qubeley (SD),2001-05,Mobile Suit Zeta Gundam,UC,440,SD
Hyaku-Shiki & Mega Launcher (SD),2001-10,Mobile Suit Zeta Gundam,UC,880,SD
Perfect Gundam (MG),2003-12-20,Plamo-Kyoshiro,PK,4400,MG
Perfect Zeong (MG),2004-06,Plamo-Kyoshiro,PK,11000,MG
Perfect Gundam (SD),1989-11-25,Plamo-Kyoshiro,PK,330,SD
Perfect Gundam (SD),2002-05,Plamo-Kyoshiro,PK,1100,SD
Perfect Gundam (SD),1988,Plamo-Kyoshiro,PK,440,SD
Phoenix Gundam (SD),2020-06-20,SD Gundam G Generation F,SDGG,1540,SD
Gundam Mk. IV (SD),2000-02,SD Gundam G Generation Zero,SDGG,440,SD
Sisquiede (SD),2019-04-27,SD Gundam G Generation: Monoeye Gundams,SDGG,1540,SD
Sisquiede (Titans) (SD),2019-04-27,SD Gundam G Generation: Monoeye Gundams,SDGG,1540,SD
Tornado Gundam (SD),2023-04-22,SD Gundam GX,SDGG,1760,SD
Turn A Gundam (HG),2014-04-12,Turn A Gundam,CC,1540,HG
Turn A Gundam (MG),2007-08,Turn A Gundam,CC,4180,MG
Turn X (MG),2014-06-14,Turn A Gundam,CC,6600,MG
Turn A Gundam (SD),2000-04,Turn A Gundam,CC,440,SD
ZII (HG),2014-09-13,Zeta Gundam Mobile Suit Variations,UC,2640,HG
Gundam Mk-III,2015-01-24,Zeta Gundam Mobile Suit Variations,UC,3850,RE
Guncannon Detector,2018-02-10,Zeta Gundam Mobile Suit Variations,UC,4400,RE
Full Armor Gundam Mk. II (SD),1988,Zeta Gundam Mobile Suit Variations,UC,440,SD
